Submission id,Participant id,Status,Custom study tncs accepted at,Started at,Completed at,Reviewed at,Archived at,Time taken,Completion code,Total approvals,Age,Sex,Ethnicity simplified,Country of birth,Country of residence,Nationality,Language,Student status,Employment status
681b74dda53b43f5018fbd6b,67c76a660dda825d216ecbb8,RETURNED,Not Applicable,2025-05-07T14:57:48.273000Z,,,2025-05-14T07:37:13.455304Z,,,67,CONSENT_REVOKED,CONSENT_REVOKED,CONSENT_REVOKED,CONSENT_REVOKED,CONSENT_REVOKED,CONSENT_REVOKED,CONSENT_REVOKED,CONSENT_REVOKED,CONSENT_REVOKED
681b74e9bdd01def6c9faa57,67dcb605238f96c9e73abec2,APPROVED,Not Applicable,2025-05-07T14:57:50.773000Z,2025-05-07T15:38:16.152000Z,2025-05-07T17:08:29.947000Z,2025-05-07T15:38:16.692958Z,2426.0,C41MHPUZ,373,35,Male,White,United States,United States,United States,English,Yes,Full-Time
681b74eed92aea90b6f8f08b,68126e4de7ac5948d1c7013b,APPROVED,Not Applicable,2025-05-07T14:58:06.080000Z,2025-05-07T15:46:52.449000Z,2025-05-07T17:08:59.546000Z,2025-05-07T15:46:53.013000Z,2927.0,C41MHPUZ,22,57,Male,White,United States,United States,United States,English,No,Part-Time
681b74fe0663872a962c2e9c,67edb211a7c1d23c1535d6b2,APPROVED,Not Applicable,2025-05-07T14:58:20.668000Z,2025-05-07T15:29:38.532000Z,2025-05-07T17:08:13.034000Z,2025-05-07T15:29:39.086364Z,1878.0,C41MHPUZ,273,41,Male,Black,United States,United States,United States,English,No,Full-Time
681b7565dcb1721b5e2c2edf,67eade9122bddfb4cd165d09,REJECTED,Not Applicable,2025-05-07T14:59:55.712000Z,2025-05-07T15:23:28.810000Z,2025-05-09T17:48:28.900000Z,2025-05-14T07:37:13.456803Z,1414.0,C41MHPUZ,536,CONSENT_REVOKED,CONSENT_REVOKED,CONSENT_REVOKED,CONSENT_REVOKED,CONSENT_REVOKED,CONSENT_REVOKED,CONSENT_REVOKED,CONSENT_REVOKED,CONSENT_REVOKED
681b75ab52fa97bca59e5746,680c8f5c8245fb7d7095402b,RETURNED,Not Applicable,2025-05-07T15:02:57.519000Z,,,2025-05-14T07:37:13.460481Z,,,113,CONSENT_REVOKED,CONSENT_REVOKED,CONSENT_REVOKED,CONSENT_REVOKED,CONSENT_REVOKED,CONSENT_REVOKED,CONSENT_REVOKED,CONSENT_REVOKED,CONSENT_REVOKED
681b75ddca326bf7ac708a3e,6647847aebad277cab0e44a9,RETURNED,Not Applicable,2025-05-07T15:01:58.940000Z,2025-05-07T15:40:27.602000Z,,2025-05-14T07:37:13.464785Z,,C41MHPUZ,320,CONSENT_REVOKED,CONSENT_REVOKED,CONSENT_REVOKED,CONSENT_REVOKED,CONSENT_REVOKED,CONSENT_REVOKED,CONSENT_REVOKED,CONSENT_REVOKED,CONSENT_REVOKED
681b75dfcb3a561872fe7a94,67def1ffa304d6e7be52ae22,APPROVED,Not Applicable,2025-05-07T15:01:58.492000Z,2025-05-07T16:05:01.166000Z,2025-05-07T17:09:20.136000Z,2025-05-07T16:05:01.782604Z,3783.0,C41MHPUZ,404,29,Female,White,United States,United States,United States,English,No,Other
681b75eb9037bb2ce9efcbf8,5d612ae16512d700159face7,RETURNED,Not Applicable,2025-05-07T15:02:12.734000Z,,,2025-05-14T07:37:13.464261Z,,,10477,CONSENT_REVOKED,CONSENT_REVOKED,CONSENT_REVOKED,CONSENT_REVOKED,CONSENT_REVOKED,CONSENT_REVOKED,CONSENT_REVOKED,CONSENT_REVOKED,CONSENT_REVOKED
681b75f851a256b0c2d003a0,67ca0274d3bd9d33cb0e6a8b,RETURNED,Not Applicable,2025-05-07T15:02:47.431000Z,,,2025-05-14T07:37:13.463929Z,,,371,CONSENT_REVOKED,CONSENT_REVOKED,CONSENT_REVOKED,CONSENT_REVOKED,CONSENT_REVOKED,CONSENT_REVOKED,CONSENT_REVOKED,CONSENT_REVOKED,CONSENT_REVOKED
681b768b8f6f11abcb18f1ac,67d719970f1f220b3f2a7146,APPROVED,Not Applicable,2025-05-07T15:07:17.980000Z,2025-05-07T15:56:17.378000Z,2025-05-07T17:09:08.063000Z,2025-05-07T16:17:39.095801Z,2940.0,C41MHPUZ,421,39,Male,White,United States,United States,United States,English,Yes,Unemployed (and job seeking)
681b779133e48fa34052f3ce,6737e90a9048106a0d79777a,RETURNED,Not Applicable,2025-05-07T15:09:15.647000Z,,,2025-05-14T07:37:13.465154Z,,,610,CONSENT_REVOKED,CONSENT_REVOKED,CONSENT_REVOKED,CONSENT_REVOKED,CONSENT_REVOKED,CONSENT_REVOKED,CONSENT_REVOKED,CONSENT_REVOKED,CONSENT_REVOKED
681b7884bd4dcb0823298b87,67e2f123f41a90fffbdb432c,RETURNED,Not Applicable,2025-05-07T15:13:14.788000Z,,,2025-05-14T07:37:13.468469Z,,,195,CONSENT_REVOKED,CONSENT_REVOKED,CONSENT_REVOKED,CONSENT_REVOKED,CONSENT_REVOKED,CONSENT_REVOKED,CONSENT_REVOKED,CONSENT_REVOKED,CONSENT_REVOKED
681b7a6a317046153107cf31,64137cf15dfe79e9ff198054,RETURNED,Not Applicable,2025-05-07T15:21:26.162000Z,,,2025-05-14T07:37:13.470599Z,,,1568,CONSENT_REVOKED,CONSENT_REVOKED,CONSENT_REVOKED,CONSENT_REVOKED,CONSENT_REVOKED,CONSENT_REVOKED,CONSENT_REVOKED,CONSENT_REVOKED,CONSENT_REVOKED
681b7ab030b1de89750ffe9a,6781935f0fbff63cc8eb3595,RETURNED,Not Applicable,2025-05-07T15:22:30.815000Z,,,2025-05-14T07:37:13.469570Z,,,526,CONSENT_REVOKED,CONSENT_REVOKED,CONSENT_REVOKED,CONSENT_REVOKED,CONSENT_REVOKED,CONSENT_REVOKED,CONSENT_REVOKED,CONSENT_REVOKED,CONSENT_REVOKED
681b7b2e109c1be49572b6b9,57b248d52075e2000113ba3d,APPROVED,Not Applicable,2025-05-07T15:24:33.748000Z,2025-05-07T15:42:17.911000Z,2025-05-07T17:08:44.637000Z,2025-05-07T15:42:18.440560Z,1065.0,C41MHPUZ,3000,31,Male,White,United Kingdom,United Kingdom,United Kingdom,English,No,Part-Time
681b7b5ab154ffbd9eb22081,6617d376619a2b4541498f2c,RETURNED,Not Applicable,2025-05-07T15:35:14.956000Z,,,2025-05-14T07:37:13.474270Z,,,1036,CONSENT_REVOKED,CONSENT_REVOKED,CONSENT_REVOKED,CONSENT_REVOKED,CONSENT_REVOKED,CONSENT_REVOKED,CONSENT_REVOKED,CONSENT_REVOKED,CONSENT_REVOKED
681b7ba379fe077158c1b32e,5ef7783026861249d8eb58ef,RETURNED,Not Applicable,2025-05-07T15:26:31.285000Z,,,2025-05-14T07:37:13.474507Z,,,3289,CONSENT_REVOKED,CONSENT_REVOKED,CONSENT_REVOKED,CONSENT_REVOKED,CONSENT_REVOKED,CONSENT_REVOKED,CONSENT_REVOKED,CONSENT_REVOKED,CONSENT_REVOKED
681b7e01a30e28520da2dd6f,665486f73c9f68e40025d1d6,APPROVED,Not Applicable,2025-05-07T15:36:44.700000Z,2025-05-07T16:07:09.797000Z,2025-05-07T17:09:28.076000Z,2025-05-07T16:07:10.491849Z,1826.0,C41MHPUZ,399,31,Male,White,Canada,Canada,Canada,English,No,"Not in paid work (e.g. homemaker', 'retired or disabled)"
681b830e137f10f822323650,67ef4c37f1e3a6b457d0e046,APPROVED,Not Applicable,2025-05-07T16:00:20.195000Z,2025-05-07T16:20:35.595000Z,2025-05-07T17:09:38.394000Z,2025-05-07T16:20:36.312859Z,1216.0,C41MHPUZ,475,44,Male,White,United States,United States,United States,English,No,Full-Time
681b9438cf7aed02f7ee9d32,6584589847e4652b2516d4b3,RETURNED,Not Applicable,2025-05-07T17:13:55.741000Z,,,2025-05-14T07:37:13.475260Z,,,534,CONSENT_REVOKED,CONSENT_REVOKED,CONSENT_REVOKED,CONSENT_REVOKED,CONSENT_REVOKED,CONSENT_REVOKED,CONSENT_REVOKED,CONSENT_REVOKED,CONSENT_REVOKED
681b9445bf9c5978b5fdf15c,67d33e4f80094e57fb58b377,REJECTED,Not Applicable,2025-05-07T17:11:41.120000Z,2025-05-07T17:26:43.498000Z,2025-05-14T07:27:30.590000Z,2025-05-14T07:37:13.479108Z,903.0,C41MHPUZ,651,CONSENT_REVOKED,CONSENT_REVOKED,CONSENT_REVOKED,CONSENT_REVOKED,CONSENT_REVOKED,CONSENT_REVOKED,CONSENT_REVOKED,CONSENT_REVOKED,CONSENT_REVOKED
681b944d079d50c11ed5c0ca,5ef5f74fb4a08f2676fb3aba,RETURNED,Not Applicable,2025-05-07T17:11:55.393000Z,2025-05-07T17:53:15.732000Z,,2025-05-14T07:37:13.477413Z,,NOCODE,3613,CONSENT_REVOKED,CONSENT_REVOKED,CONSENT_REVOKED,CONSENT_REVOKED,CONSENT_REVOKED,CONSENT_REVOKED,CONSENT_REVOKED,CONSENT_REVOKED,CONSENT_REVOKED
681b946418c3833e0972108c,67eb0949aa152a8338e9bed2,RETURNED,Not Applicable,2025-05-07T17:12:56.071000Z,,,2025-05-14T07:37:13.479760Z,,,559,CONSENT_REVOKED,CONSENT_REVOKED,CONSENT_REVOKED,CONSENT_REVOKED,CONSENT_REVOKED,CONSENT_REVOKED,CONSENT_REVOKED,CONSENT_REVOKED,CONSENT_REVOKED
681b946d4b07a1533c715ed7,663cebb84c1817c42e708fa9,RETURNED,Not Applicable,2025-05-07T17:12:13.123000Z,,,2025-05-14T07:37:13.482532Z,,,198,CONSENT_REVOKED,CONSENT_REVOKED,CONSENT_REVOKED,CONSENT_REVOKED,CONSENT_REVOKED,CONSENT_REVOKED,CONSENT_REVOKED,CONSENT_REVOKED,CONSENT_REVOKED
681b94e12abe33c5ccd8a984,68193d4efb2ec901719f86c9,RETURNED,Not Applicable,2025-05-07T17:14:24.591000Z,,,2025-05-14T07:37:13.483153Z,,,51,CONSENT_REVOKED,CONSENT_REVOKED,CONSENT_REVOKED,CONSENT_REVOKED,CONSENT_REVOKED,CONSENT_REVOKED,CONSENT_REVOKED,CONSENT_REVOKED,CONSENT_REVOKED
681b95126683aa13b8fbadc8,59bb884a3c45a10001ccc4f7,APPROVED,Not Applicable,2025-05-07T17:14:58.799000Z,2025-05-07T17:55:48.477000Z,2025-05-09T17:49:08.492000Z,2025-05-07T17:55:49.023445Z,2450.0,C41MHPUZ,3268,45,Male,Asian,United Kingdom,United Kingdom,United Kingdom,English,DATA_EXPIRED,DATA_EXPIRED
681b95292abe33c5ccd8a98d,67d1030e4f22b40bbf0450a4,RETURNED,Not Applicable,2025-05-07T17:15:38.468000Z,,,2025-05-14T07:37:13.488295Z,,,620,CONSENT_REVOKED,CONSENT_REVOKED,CONSENT_REVOKED,CONSENT_REVOKED,CONSENT_REVOKED,CONSENT_REVOKED,CONSENT_REVOKED,CONSENT_REVOKED,CONSENT_REVOKED
681b9531e8d93bbfb08e9938,67efff69f324a6e210be64a8,RETURNED,Not Applicable,2025-05-07T17:15:39.727000Z,,,2025-05-14T07:37:13.487337Z,,,55,CONSENT_REVOKED,CONSENT_REVOKED,CONSENT_REVOKED,CONSENT_REVOKED,CONSENT_REVOKED,CONSENT_REVOKED,CONSENT_REVOKED,CONSENT_REVOKED,CONSENT_REVOKED
681b95a5752180ee258a7119,5f2f21ab32376614a22ffdff,RETURNED,Not Applicable,2025-05-07T17:17:33.186000Z,,,2025-05-14T07:37:13.489076Z,,,1273,CONSENT_REVOKED,CONSENT_REVOKED,CONSENT_REVOKED,CONSENT_REVOKED,CONSENT_REVOKED,CONSENT_REVOKED,CONSENT_REVOKED,CONSENT_REVOKED,CONSENT_REVOKED
681b95addd627430b207c457,6704181c27accbdcaf6e0701,RETURNED,Not Applicable,2025-05-07T17:17:40.156000Z,,,2025-05-14T07:37:13.488438Z,,,303,CONSENT_REVOKED,CONSENT_REVOKED,CONSENT_REVOKED,CONSENT_REVOKED,CONSENT_REVOKED,CONSENT_REVOKED,CONSENT_REVOKED,CONSENT_REVOKED,CONSENT_REVOKED
681b9694bbaf95a4f7df4d75,55b3120cfdf99b6ef6263a71,RETURNED,Not Applicable,2025-05-07T17:22:10.036000Z,,,2025-05-14T07:37:13.492509Z,,,6517,CONSENT_REVOKED,CONSENT_REVOKED,CONSENT_REVOKED,CONSENT_REVOKED,CONSENT_REVOKED,CONSENT_REVOKED,CONSENT_REVOKED,CONSENT_REVOKED,CONSENT_REVOKED
681b97073ec0254315f639c4,67da33c4bf8b1833da2d333d,TIMED-OUT,Not Applicable,2025-05-07T17:23:26.177000Z,,,2025-05-14T07:37:13.492752Z,569628.0,,192,46,Female,White,United States,United States,United States,English,DATA_EXPIRED,DATA_EXPIRED
681b9827d443c268238a1fb8,66af82fe7c33867b3ed6efcb,APPROVED,Not Applicable,2025-05-07T17:28:07.244000Z,2025-05-07T18:27:21.682000Z,2025-05-09T19:02:43.537000Z,2025-05-07T18:27:22.234332Z,3555.0,C41MHPUZ,1464,26,Female,White,United States,United States,United States,English,DATA_EXPIRED,DATA_EXPIRED
681b98464b5f8abadc6ea143,6287745dd285a8be832879dc,RETURNED,Not Applicable,2025-05-07T17:38:38.446000Z,,,2025-05-14T07:37:13.493631Z,,,1581,CONSENT_REVOKED,CONSENT_REVOKED,CONSENT_REVOKED,CONSENT_REVOKED,CONSENT_REVOKED,CONSENT_REVOKED,CONSENT_REVOKED,CONSENT_REVOKED,CONSENT_REVOKED
681b9881c7f87c53d0271f2d,6527f5eccfec59211ca71643,RETURNED,Not Applicable,2025-05-07T17:29:44.043000Z,,,2025-05-14T07:37:13.496882Z,,,225,CONSENT_REVOKED,CONSENT_REVOKED,CONSENT_REVOKED,CONSENT_REVOKED,CONSENT_REVOKED,CONSENT_REVOKED,CONSENT_REVOKED,CONSENT_REVOKED,CONSENT_REVOKED
681b98a9c504a5850b573978,668a9e53e7690b3b64d48e92,APPROVED,Not Applicable,2025-05-07T17:30:17.055000Z,2025-05-07T18:17:59.072000Z,2025-05-09T17:49:27.614000Z,2025-05-07T18:17:59.817083Z,2863.0,C41MHPUZ,1060,47,Male,Asian,United Kingdom,United Kingdom,United Kingdom,English,No,Full-Time
681b9922659e55d73898cd5a,66312107682958309ff7e0a1,RETURNED,Not Applicable,2025-05-07T17:32:18.265000Z,,,2025-05-14T07:37:13.499167Z,,,1163,CONSENT_REVOKED,CONSENT_REVOKED,CONSENT_REVOKED,CONSENT_REVOKED,CONSENT_REVOKED,CONSENT_REVOKED,CONSENT_REVOKED,CONSENT_REVOKED,CONSENT_REVOKED
681b9983079d50c11ed5c1ba,67dff174e3c6d53e63e3a6a8,RETURNED,Not Applicable,2025-05-07T17:34:08.575000Z,2025-05-07T17:49:08.685000Z,,2025-05-14T07:37:13.501520Z,,C41MHPUZ,450,CONSENT_REVOKED,CONSENT_REVOKED,CONSENT_REVOKED,CONSENT_REVOKED,CONSENT_REVOKED,CONSENT_REVOKED,CONSENT_REVOKED,CONSENT_REVOKED,CONSENT_REVOKED
681b9984d19a6c386c487995,5ba292385301b80001c71ba2,RETURNED,Not Applicable,2025-05-07T17:34:01.062000Z,,,2025-05-14T07:37:13.503981Z,,,11026,CONSENT_REVOKED,CONSENT_REVOKED,CONSENT_REVOKED,CONSENT_REVOKED,CONSENT_REVOKED,CONSENT_REVOKED,CONSENT_REVOKED,CONSENT_REVOKED,CONSENT_REVOKED
681b9ac1c479ed755fb1776e,6717c466a1a5d0cb15bca12e,RETURNED,Not Applicable,2025-05-07T17:39:20.026000Z,,,2025-05-14T07:37:13.506728Z,,,1065,CONSENT_REVOKED,CONSENT_REVOKED,CONSENT_REVOKED,CONSENT_REVOKED,CONSENT_REVOKED,CONSENT_REVOKED,CONSENT_REVOKED,CONSENT_REVOKED,CONSENT_REVOKED
681b9ac26d9646f9bf0e0818,67f049317779f9393f8b4dda,RETURNED,Not Applicable,2025-05-07T17:39:32.571000Z,,,2025-05-14T07:37:13.506500Z,,,464,CONSENT_REVOKED,CONSENT_REVOKED,CONSENT_REVOKED,CONSENT_REVOKED,CONSENT_REVOKED,CONSENT_REVOKED,CONSENT_REVOKED,CONSENT_REVOKED,CONSENT_REVOKED
681b9b3d414d71c6703b1190,63174af7d57182f9bf90c094,RETURNED,Not Applicable,2025-05-07T17:41:17.175000Z,,,2025-05-14T07:37:13.508555Z,,,3227,CONSENT_REVOKED,CONSENT_REVOKED,CONSENT_REVOKED,CONSENT_REVOKED,CONSENT_REVOKED,CONSENT_REVOKED,CONSENT_REVOKED,CONSENT_REVOKED,CONSENT_REVOKED
681b9be0cb8014a07e60fc5e,5b4cb0ebcf1ead0001fd8a7c,APPROVED,Not Applicable,2025-05-07T17:49:08.966000Z,2025-05-07T18:27:51.837000Z,2025-05-09T17:56:03.450000Z,2025-05-07T18:27:52.395393Z,2323.0,C41MHPUZ,1286,27,Female,Black,United Kingdom,United Kingdom,United Kingdom,English,DATA_EXPIRED,DATA_EXPIRED
681b9c8f07bae5dd31598346,67d33ea04df03ed7dc320f52,RETURNED,Not Applicable,2025-05-07T17:47:04.419000Z,,,2025-05-14T07:37:13.510327Z,,,238,CONSENT_REVOKED,CONSENT_REVOKED,CONSENT_REVOKED,CONSENT_REVOKED,CONSENT_REVOKED,CONSENT_REVOKED,CONSENT_REVOKED,CONSENT_REVOKED,CONSENT_REVOKED
681b9ca257f62b723d3808c3,6717d0f52cc5e0a7f13b596a,RETURNED,Not Applicable,2025-05-07T17:47:14.799000Z,,,2025-05-14T07:37:13.509176Z,,,748,CONSENT_REVOKED,CONSENT_REVOKED,CONSENT_REVOKED,CONSENT_REVOKED,CONSENT_REVOKED,CONSENT_REVOKED,CONSENT_REVOKED,CONSENT_REVOKED,CONSENT_REVOKED
681b9e60377e6936ab63339f,5c2f6d25e38ccd0001caab19,RETURNED,Not Applicable,2025-05-07T17:54:40.477000Z,,,2025-05-14T07:37:13.513309Z,,,2835,CONSENT_REVOKED,CONSENT_REVOKED,CONSENT_REVOKED,CONSENT_REVOKED,CONSENT_REVOKED,CONSENT_REVOKED,CONSENT_REVOKED,CONSENT_REVOKED,CONSENT_REVOKED
681b9ee3182a3a542522f2fe,67ed926df89e5986c69860ec,APPROVED,Not Applicable,2025-05-07T17:56:57.652000Z,2025-05-07T19:00:47.600000Z,2025-05-09T17:49:47.489000Z,2025-05-07T19:00:48.117058Z,3830.0,C41MHPUZ,114,61,Male,Black,United States,United States,United States,English,DATA_EXPIRED,DATA_EXPIRED
681ba02cd385706cd97566ad,662a77ac31c42909f4327209,APPROVED,Not Applicable,2025-05-07T18:02:32.054000Z,2025-05-07T18:16:10.217000Z,2025-05-09T17:53:55.472000Z,2025-05-07T18:16:10.824882Z,819.0,C41MHPUZ,386,27,Female,White,United States,United States,United States,English,No,Full-Time
681ba0882fdf623299c21813,5cf42528e7c1d1001b527bbc,APPROVED,Not Applicable,2025-05-07T18:04:28.903000Z,2025-05-07T18:38:34.061000Z,2025-05-09T17:53:24.523000Z,2025-05-07T18:38:34.651842Z,2046.0,C41MHPUZ,679,28,Male,Black,Portugal,United Kingdom,Portugal,English,Yes,Unemployed (and job seeking)
681ba1477bf6c07e78d57a44,67f05b55b86cee54bc4ded6a,RETURNED,Not Applicable,2025-05-07T18:07:08.738000Z,,,2025-05-14T07:37:13.514922Z,,,314,CONSENT_REVOKED,CONSENT_REVOKED,CONSENT_REVOKED,CONSENT_REVOKED,CONSENT_REVOKED,CONSENT_REVOKED,CONSENT_REVOKED,CONSENT_REVOKED,CONSENT_REVOKED
681ba207624c15388927aba1,680d155019b77b986ff85126,RETURNED,Not Applicable,2025-05-07T18:11:05.698000Z,,,2025-05-14T07:37:13.514910Z,,,273,CONSENT_REVOKED,CONSENT_REVOKED,CONSENT_REVOKED,CONSENT_REVOKED,CONSENT_REVOKED,CONSENT_REVOKED,CONSENT_REVOKED,CONSENT_REVOKED,CONSENT_REVOKED
681ba77f42644729480e8e52,665dc46f6552a7a3a0039fe6,RETURNED,Not Applicable,2025-05-07T18:33:35.115000Z,,,2025-05-14T07:37:13.517121Z,,,868,CONSENT_REVOKED,CONSENT_REVOKED,CONSENT_REVOKED,CONSENT_REVOKED,CONSENT_REVOKED,CONSENT_REVOKED,CONSENT_REVOKED,CONSENT_REVOKED,CONSENT_REVOKED
681ba7fe3ac695cf646ce139,67ebfd4d8ea1101322300f73,RETURNED,Not Applicable,2025-05-07T18:36:11.062000Z,,,2025-05-14T07:37:13.517872Z,,,382,CONSENT_REVOKED,CONSENT_REVOKED,CONSENT_REVOKED,CONSENT_REVOKED,CONSENT_REVOKED,CONSENT_REVOKED,CONSENT_REVOKED,CONSENT_REVOKED,CONSENT_REVOKED
681ba8703f2f94e5b250ebac,6441375cb1939aa4f7c2778e,APPROVED,Not Applicable,2025-05-07T18:39:24.852000Z,2025-05-07T19:02:42.817000Z,2025-05-09T17:52:56.908000Z,2025-05-07T19:02:43.368968Z,1398.0,C41MHPUZ,417,37,Male,White,United Kingdom,United Kingdom,United Kingdom,English,No,Full-Time
681ba8c07fe35a23bb77834f,5cf42528e7c1d1001b527bbc,APPROVED,Not Applicable,2025-05-07T18:38:56.964000Z,2025-05-07T19:55:24.672000Z,2025-05-09T17:53:22.801000Z,2025-05-07T19:55:25.292587Z,4588.0,C41MHPUZ,679,28,Male,Black,Portugal,United Kingdom,Portugal,English,Yes,Unemployed (and job seeking)
681baa50675e817b92786fb7,67c90b0bb47c0e56b5f2724e,RETURNED,Not Applicable,2025-05-07T18:45:44.781000Z,,,2025-05-14T07:37:13.523252Z,,,112,CONSENT_REVOKED,CONSENT_REVOKED,CONSENT_REVOKED,CONSENT_REVOKED,CONSENT_REVOKED,CONSENT_REVOKED,CONSENT_REVOKED,CONSENT_REVOKED,CONSENT_REVOKED
681baac51364c95f69e7870f,66ccca31c45aad520357f3fb,RETURNED,Not Applicable,2025-05-07T18:47:50.344000Z,,,2025-05-14T07:37:13.522896Z,,,795,CONSENT_REVOKED,CONSENT_REVOKED,CONSENT_REVOKED,CONSENT_REVOKED,CONSENT_REVOKED,CONSENT_REVOKED,CONSENT_REVOKED,CONSENT_REVOKED,CONSENT_REVOKED
681baac531907055a8a79533,57d5ab3a722df500017f3622,RETURNED,Not Applicable,2025-05-07T18:57:33.355000Z,,,2025-05-14T07:37:13.524803Z,,,6865,CONSENT_REVOKED,CONSENT_REVOKED,CONSENT_REVOKED,CONSENT_REVOKED,CONSENT_REVOKED,CONSENT_REVOKED,CONSENT_REVOKED,CONSENT_REVOKED,CONSENT_REVOKED
681baba25ae90e328b6648bb,66c4a32221f616ebf48ab21d,RETURNED,Not Applicable,2025-05-07T18:51:17.331000Z,,,2025-05-14T07:37:13.526719Z,,,1016,CONSENT_REVOKED,CONSENT_REVOKED,CONSENT_REVOKED,CONSENT_REVOKED,CONSENT_REVOKED,CONSENT_REVOKED,CONSENT_REVOKED,CONSENT_REVOKED,CONSENT_REVOKED
681bac096b90337ec517a6ff,6664b8146408ebc8a3d7ea6e,APPROVED,Not Applicable,2025-05-07T18:52:57.695000Z,2025-05-07T19:57:32.865000Z,2025-05-09T17:52:15.967000Z,2025-05-07T19:57:33.517932Z,3876.0,C41MHPUZ,1321,32,Female,White,DATA_EXPIRED,United States,United States,English,DATA_EXPIRED,DATA_EXPIRED
681bad14f2021aa627d58d8c,63468b5809bf04222262bfed,RETURNED,Not Applicable,2025-05-07T18:57:29.192000Z,,,2025-05-14T07:37:13.527657Z,,,3421,CONSENT_REVOKED,CONSENT_REVOKED,CONSENT_REVOKED,CONSENT_REVOKED,CONSENT_REVOKED,CONSENT_REVOKED,CONSENT_REVOKED,CONSENT_REVOKED,CONSENT_REVOKED
681bad783b08a04d4e53d435,63468b5809bf04222262bfed,RETURNED,Not Applicable,2025-05-07T18:59:04.659000Z,,,2025-05-14T07:37:13.529708Z,,,3421,CONSENT_REVOKED,CONSENT_REVOKED,CONSENT_REVOKED,CONSENT_REVOKED,CONSENT_REVOKED,CONSENT_REVOKED,CONSENT_REVOKED,CONSENT_REVOKED,CONSENT_REVOKED
681baec18377d51246c9e98c,67f2e0ae034b1eab0b51d81c,APPROVED,Not Applicable,2025-05-07T19:04:41.711000Z,2025-05-07T19:29:47.923000Z,2025-05-09T17:52:05.490000Z,2025-05-07T19:29:48.398768Z,1507.0,C41MHPUZ,406,31,Female,White,United States,United States,United States,English,DATA_EXPIRED,DATA_EXPIRED
681e5ce50511a76e32f33570,5c8ba607c5366c0001d022cb,RETURNED,Not Applicable,2025-05-09T20:02:05.268000Z,,,2025-05-14T07:37:13.531085Z,,,3923,CONSENT_REVOKED,CONSENT_REVOKED,CONSENT_REVOKED,CONSENT_REVOKED,CONSENT_REVOKED,CONSENT_REVOKED,CONSENT_REVOKED,CONSENT_REVOKED,CONSENT_REVOKED
681e5ce600752d78c965278f,66cb2e0bd2169db778550269,APPROVED,Not Applicable,2025-05-09T19:55:45.960000Z,2025-05-09T20:11:49.318000Z,2025-05-11T01:07:28.789000Z,2025-05-09T20:11:49.925087Z,964.0,C41MHPUZ,951,25,Male,Mixed,United Kingdom,United Kingdom,United Kingdom,English,No,Full-Time
681e5ce60394b217fcc6e6ee,62fd14d7b1e0729dc8aadb79,RETURNED,Not Applicable,2025-05-09T19:58:36.581000Z,,,2025-05-14T07:37:13.531656Z,,,1309,CONSENT_REVOKED,CONSENT_REVOKED,CONSENT_REVOKED,CONSENT_REVOKED,CONSENT_REVOKED,CONSENT_REVOKED,CONSENT_REVOKED,CONSENT_REVOKED,CONSENT_REVOKED
681e5ce60ca9c0a3e3750bf8,667439c6372889c378fc8bdb,RETURNED,Not Applicable,2025-05-09T19:52:15.269000Z,,,2025-05-14T07:37:13.532551Z,,,434,CONSENT_REVOKED,CONSENT_REVOKED,CONSENT_REVOKED,CONSENT_REVOKED,CONSENT_REVOKED,CONSENT_REVOKED,CONSENT_REVOKED,CONSENT_REVOKED,CONSENT_REVOKED
681e5ce70283b180193fc3f1,5b22694763b71800019fa5ba,RETURNED,Not Applicable,2025-05-09T20:02:07.663000Z,,,2025-05-14T07:37:13.533866Z,,,1174,CONSENT_REVOKED,CONSENT_REVOKED,CONSENT_REVOKED,CONSENT_REVOKED,CONSENT_REVOKED,CONSENT_REVOKED,CONSENT_REVOKED,CONSENT_REVOKED,CONSENT_REVOKED
681e5ce7808d5d82ff39e72e,62d6d87d91cf24a3c1c0f10c,APPROVED,Not Applicable,2025-05-09T19:52:11.008000Z,2025-05-09T20:02:44.600000Z,2025-05-11T01:07:01.929000Z,2025-05-09T20:02:45.183808Z,634.0,C41MHPUZ,2061,37,Male,White,United Kingdom,United Kingdom,United Kingdom,English,No,Full-Time
681e5ce80fd43046efe6de95,67d1e8cc4e0fd9dcd8ceed97,RETURNED,Not Applicable,2025-05-09T19:52:14.317000Z,,,2025-05-14T07:37:13.549933Z,,,342,CONSENT_REVOKED,CONSENT_REVOKED,CONSENT_REVOKED,CONSENT_REVOKED,CONSENT_REVOKED,CONSENT_REVOKED,CONSENT_REVOKED,CONSENT_REVOKED,CONSENT_REVOKED
681e5ce881f58dbd7696497c,588d4876b08cc30001b77a5e,RETURNED,Not Applicable,2025-05-09T19:52:18.831000Z,,,2025-05-14T07:37:13.537097Z,,,2991,CONSENT_REVOKED,CONSENT_REVOKED,CONSENT_REVOKED,CONSENT_REVOKED,CONSENT_REVOKED,CONSENT_REVOKED,CONSENT_REVOKED,CONSENT_REVOKED,CONSENT_REVOKED
681e5ce8cbde027c9aa54f14,66879a1b80840f82607455ce,RETURNED,Not Applicable,2025-05-09T19:52:14.330000Z,,,2025-05-14T07:37:13.537725Z,,,113,CONSENT_REVOKED,CONSENT_REVOKED,CONSENT_REVOKED,CONSENT_REVOKED,CONSENT_REVOKED,CONSENT_REVOKED,CONSENT_REVOKED,CONSENT_REVOKED,CONSENT_REVOKED
681e5ce99ba4057c0dc74b2d,67e830b647b5346d37e9bc11,RETURNED,Not Applicable,2025-05-09T19:52:22.543000Z,,,2025-05-14T07:37:13.540740Z,,,377,CONSENT_REVOKED,CONSENT_REVOKED,CONSENT_REVOKED,CONSENT_REVOKED,CONSENT_REVOKED,CONSENT_REVOKED,CONSENT_REVOKED,CONSENT_REVOKED,CONSENT_REVOKED
681e5cf1a382b2ecf239e570,6761ba906f326fd19a8337a6,RETURNED,Not Applicable,2025-05-09T19:52:26.643000Z,,,2025-05-14T07:37:13.559546Z,,,602,CONSENT_REVOKED,CONSENT_REVOKED,CONSENT_REVOKED,CONSENT_REVOKED,CONSENT_REVOKED,CONSENT_REVOKED,CONSENT_REVOKED,CONSENT_REVOKED,CONSENT_REVOKED
681e5d2dabd06a2f513be1bd,67e168924615bb90463f7ac0,RETURNED,Not Applicable,2025-05-09T19:53:27.491000Z,,,2025-05-14T07:37:13.553720Z,,,375,CONSENT_REVOKED,CONSENT_REVOKED,CONSENT_REVOKED,CONSENT_REVOKED,CONSENT_REVOKED,CONSENT_REVOKED,CONSENT_REVOKED,CONSENT_REVOKED,CONSENT_REVOKED
681e5d2e5baac88562b32a7d,6475208cd6045ed7c2e281ab,APPROVED,Not Applicable,2025-05-09T19:53:24.552000Z,2025-05-09T20:28:37.235000Z,2025-05-11T01:08:42.086000Z,2025-05-09T20:28:37.758689Z,2113.0,C41MHPUZ,3184,73,Female,White,United States,United States,United States,English,DATA_EXPIRED,DATA_EXPIRED
681e5d9fb0d4c101dc11638d,5aeb48c423fdd50001d097dc,TIMED-OUT,Not Applicable,2025-05-09T19:55:21.337000Z,,,2025-05-14T07:37:13.545576Z,387713.0,,387,25,Female,White,United Kingdom,United Kingdom,United Kingdom,English,Yes,Full-Time
681e5f08857d8b34239836f7,66106426fc5e2e2bccfb8c60,RETURNED,Not Applicable,2025-05-09T20:01:18.474000Z,2025-05-09T20:15:50.676000Z,,2025-05-14T07:37:13.547643Z,,C41MHPUZ,1497,CONSENT_REVOKED,CONSENT_REVOKED,CONSENT_REVOKED,CONSENT_REVOKED,CONSENT_REVOKED,CONSENT_REVOKED,CONSENT_REVOKED,CONSENT_REVOKED,CONSENT_REVOKED
681e5f29fe6c103afd1cef1f,646bd812bf93129feeb5a3dc,RETURNED,Not Applicable,2025-05-09T20:11:45.797000Z,,,2025-05-14T07:37:13.548852Z,,,2253,CONSENT_REVOKED,CONSENT_REVOKED,CONSENT_REVOKED,CONSENT_REVOKED,CONSENT_REVOKED,CONSENT_REVOKED,CONSENT_REVOKED,CONSENT_REVOKED,CONSENT_REVOKED
681e5f45fbce65901faa2aaf,6637e6d382d221675254185b,RETURNED,Not Applicable,2025-05-09T20:02:43.724000Z,,,2025-05-14T07:37:13.553020Z,,,763,CONSENT_REVOKED,CONSENT_REVOKED,CONSENT_REVOKED,CONSENT_REVOKED,CONSENT_REVOKED,CONSENT_REVOKED,CONSENT_REVOKED,CONSENT_REVOKED,CONSENT_REVOKED
681e60a75a90bd7e34b3298d,6727ea3905ae5d0d2cb5180c,RETURNED,Not Applicable,2025-05-09T20:18:07.537000Z,,,2025-05-14T07:37:13.550570Z,,,855,CONSENT_REVOKED,CONSENT_REVOKED,CONSENT_REVOKED,CONSENT_REVOKED,CONSENT_REVOKED,CONSENT_REVOKED,CONSENT_REVOKED,CONSENT_REVOKED,CONSENT_REVOKED
681e60f53d433a8f01ed8104,67314a904eee84e2cfd2816c,TIMED-OUT,Not Applicable,2025-05-09T20:14:21.545000Z,,,2025-05-14T07:37:13.553806Z,386573.0,,1073,50,Female,Black,United States,United States,United States,English,Yes,Full-Time
681e60f766001a3b79c064d3,67be04f9cae8554d5724b744,APPROVED,Not Applicable,2025-05-09T20:09:31.506000Z,2025-05-09T20:25:44.745000Z,2025-05-11T01:08:02.204000Z,2025-05-09T20:25:45.300709Z,974.0,C41MHPUZ,208,23,Female,White,Canada,Canada,Canada,English,No,Full-Time
681e63b99d5d2ed9c7da3f03,67235c1d51266c7101935c1a,RETURNED,Not Applicable,2025-05-09T20:21:31.052000Z,,,2025-05-14T07:37:13.557802Z,,,256,CONSENT_REVOKED,CONSENT_REVOKED,CONSENT_REVOKED,CONSENT_REVOKED,CONSENT_REVOKED,CONSENT_REVOKED,CONSENT_REVOKED,CONSENT_REVOKED,CONSENT_REVOKED
681e6515df94175aa861e19e,5c4f5967aac8be0001716a65,RETURNED,Not Applicable,2025-05-09T20:27:03.505000Z,,,2025-05-14T07:37:13.557501Z,,,5735,CONSENT_REVOKED,CONSENT_REVOKED,CONSENT_REVOKED,CONSENT_REVOKED,CONSENT_REVOKED,CONSENT_REVOKED,CONSENT_REVOKED,CONSENT_REVOKED,CONSENT_REVOKED
681e65510487fca2c62f05de,6765d0aaf6525ec5830bbf82,RETURNED,Not Applicable,2025-05-09T20:28:09.507000Z,,,2025-05-14T07:37:13.558818Z,,,394,CONSENT_REVOKED,CONSENT_REVOKED,CONSENT_REVOKED,CONSENT_REVOKED,CONSENT_REVOKED,CONSENT_REVOKED,CONSENT_REVOKED,CONSENT_REVOKED,CONSENT_REVOKED
681e65b33f6758f30e7eb5bf,669041884256730dc2ce4171,RETURNED,Not Applicable,2025-05-09T20:29:47.641000Z,2025-05-09T20:33:17.028000Z,,2025-05-14T07:37:13.559735Z,,C41MHPUZ,867,CONSENT_REVOKED,CONSENT_REVOKED,CONSENT_REVOKED,CONSENT_REVOKED,CONSENT_REVOKED,CONSENT_REVOKED,CONSENT_REVOKED,CONSENT_REVOKED,CONSENT_REVOKED
681e69b0f74de7c15f47d4a9,66bb63dab2b110041a61af00,APPROVED,Not Applicable,2025-05-09T20:48:10.569000Z,2025-05-09T21:14:15.744000Z,2025-05-11T01:08:57.410000Z,2025-05-09T21:14:16.210190Z,1566.0,C41MHPUZ,457,20,Female,White,United Kingdom,United Kingdom,United Kingdom,English,No,Unemployed (and job seeking)
681e6ca7caf652abd77c0ac4,67447892804444614abdca77,TIMED-OUT,Not Applicable,2025-05-09T20:59:40.217000Z,,,2025-05-14T07:37:13.563019Z,383854.0,,92,19,Male,Asian,United Kingdom,United Kingdom,United Kingdom,Urdu,Yes,"Not in paid work (e.g. homemaker', 'retired or disabled)"
681e7066372ecb6392c0b583,67acbb030811018b016dcaf7,APPROVED,Not Applicable,2025-05-09T21:15:51.570000Z,2025-05-09T21:38:05.039000Z,2025-05-11T01:09:16.385000Z,2025-05-09T21:38:05.579430Z,1334.0,C41MHPUZ,263,24,Male,White,Canada,Canada,Canada,English,No,Full-Time
681e72070e5e23908dbff18f,6643be675817fd2a43298a04,APPROVED,Not Applicable,2025-05-09T21:23:11.978000Z,2025-05-09T21:59:06.206000Z,2025-05-11T01:09:55.187000Z,2025-05-09T21:59:06.765916Z,2155.0,C41MHPUZ,1383,29,Female,Mixed,United States,United States,United States,English,No,Unemployed (and job seeking)
681e72079db790a4591824d4,5efb49177e130c0785b93842,RETURNED,Not Applicable,2025-05-09T21:22:18.820000Z,,,2025-05-14T07:37:13.563352Z,,,1818,CONSENT_REVOKED,CONSENT_REVOKED,CONSENT_REVOKED,CONSENT_REVOKED,CONSENT_REVOKED,CONSENT_REVOKED,CONSENT_REVOKED,CONSENT_REVOKED,CONSENT_REVOKED
681e720894059bca303d2025,66bcce7233ce3b6b5aaecd5e,RETURNED,Not Applicable,2025-05-09T21:22:19.921000Z,,,2025-05-14T07:37:13.565275Z,,,987,CONSENT_REVOKED,CONSENT_REVOKED,CONSENT_REVOKED,CONSENT_REVOKED,CONSENT_REVOKED,CONSENT_REVOKED,CONSENT_REVOKED,CONSENT_REVOKED,CONSENT_REVOKED
681e7208c31f4e17022a2742,665585d3c2b72eebdd366c8e,RETURNED,Not Applicable,2025-05-09T21:23:05.040000Z,,,2025-05-14T07:37:13.592096Z,,,736,CONSENT_REVOKED,CONSENT_REVOKED,CONSENT_REVOKED,CONSENT_REVOKED,CONSENT_REVOKED,CONSENT_REVOKED,CONSENT_REVOKED,CONSENT_REVOKED,CONSENT_REVOKED
681e720a19c32daff9dbb493,67e888b9bca4f2c0db8a06fa,RETURNED,Not Applicable,2025-05-09T21:22:34.224000Z,,,2025-05-14T07:37:13.575519Z,,,401,CONSENT_REVOKED,CONSENT_REVOKED,CONSENT_REVOKED,CONSENT_REVOKED,CONSENT_REVOKED,CONSENT_REVOKED,CONSENT_REVOKED,CONSENT_REVOKED,CONSENT_REVOKED
681e720a3589eba087661353,5bffc3ae4108380001f5cd63,RETURNED,Not Applicable,2025-05-09T21:24:59.260000Z,,,2025-05-14T07:37:13.575440Z,,,2009,CONSENT_REVOKED,CONSENT_REVOKED,CONSENT_REVOKED,CONSENT_REVOKED,CONSENT_REVOKED,CONSENT_REVOKED,CONSENT_REVOKED,CONSENT_REVOKED,CONSENT_REVOKED
681e720ac5deb33eecf9e932,667d08e12ac1bcbdd829a936,RETURNED,Not Applicable,2025-05-09T21:22:23.505000Z,,,2025-05-14T07:37:13.571978Z,,,1772,CONSENT_REVOKED,CONSENT_REVOKED,CONSENT_REVOKED,CONSENT_REVOKED,CONSENT_REVOKED,CONSENT_REVOKED,CONSENT_REVOKED,CONSENT_REVOKED,CONSENT_REVOKED
681e720b71cbbad07ef19d2f,5b64cf6dae3bd50001a2b142,RETURNED,Not Applicable,2025-05-09T21:22:23.779000Z,,,2025-05-14T07:37:13.572561Z,,,3043,CONSENT_REVOKED,CONSENT_REVOKED,CONSENT_REVOKED,CONSENT_REVOKED,CONSENT_REVOKED,CONSENT_REVOKED,CONSENT_REVOKED,CONSENT_REVOKED,CONSENT_REVOKED
681e720b97adb4f9f38d133b,6658b1b56a1df274ee633fdc,APPROVED,Not Applicable,2025-05-09T21:24:55.810000Z,2025-05-09T21:50:08.196000Z,2025-05-11T01:09:37.469000Z,2025-05-09T21:50:08.716081Z,1513.0,C41MHPUZ,95,20,Male,White,United Kingdom,United Kingdom,United Kingdom,English,Yes,Part-Time
681e720c3e7a1bda04d4cde9,67f1902302b7cf99606d07b2,RETURNED,Not Applicable,2025-05-09T21:24:16.323000Z,2025-05-09T21:40:17.875000Z,,2025-05-14T07:37:13.573603Z,,NOCODE,428,CONSENT_REVOKED,CONSENT_REVOKED,CONSENT_REVOKED,CONSENT_REVOKED,CONSENT_REVOKED,CONSENT_REVOKED,CONSENT_REVOKED,CONSENT_REVOKED,CONSENT_REVOKED
681e720c4266a9cf187b8dae,6744d143eddffd17d345b192,RETURNED,Not Applicable,2025-05-09T21:32:20.056000Z,,,2025-05-14T07:37:13.575428Z,,,708,CONSENT_REVOKED,CONSENT_REVOKED,CONSENT_REVOKED,CONSENT_REVOKED,CONSENT_REVOKED,CONSENT_REVOKED,CONSENT_REVOKED,CONSENT_REVOKED,CONSENT_REVOKED
681e720c60b0fcd9b45b655e,5f1dfd940aeb060d8eb3cf55,RETURNED,Not Applicable,2025-05-09T21:22:24.947000Z,,,2025-05-14T07:37:13.578237Z,,,384,CONSENT_REVOKED,CONSENT_REVOKED,CONSENT_REVOKED,CONSENT_REVOKED,CONSENT_REVOKED,CONSENT_REVOKED,CONSENT_REVOKED,CONSENT_REVOKED,CONSENT_REVOKED
681e720d9087db2b83adb9fd,5b8c611e4cd6dd0001bec307,RETURNED,Not Applicable,2025-05-09T21:22:32.588000Z,,,2025-05-14T07:37:13.579112Z,,,1982,CONSENT_REVOKED,CONSENT_REVOKED,CONSENT_REVOKED,CONSENT_REVOKED,CONSENT_REVOKED,CONSENT_REVOKED,CONSENT_REVOKED,CONSENT_REVOKED,CONSENT_REVOKED
681e720ddbe8970ea63e119c,67e16e0575ce01739ed6e4a6,RETURNED,Not Applicable,2025-05-09T21:22:28.181000Z,,,2025-05-14T07:37:13.581963Z,,,191,CONSENT_REVOKED,CONSENT_REVOKED,CONSENT_REVOKED,CONSENT_REVOKED,CONSENT_REVOKED,CONSENT_REVOKED,CONSENT_REVOKED,CONSENT_REVOKED,CONSENT_REVOKED
681e720df2e1c01008912a34,6584589847e4652b2516d4b3,RETURNED,Not Applicable,2025-05-09T21:32:21.694000Z,,,2025-05-14T07:37:13.592641Z,,,534,CONSENT_REVOKED,CONSENT_REVOKED,CONSENT_REVOKED,CONSENT_REVOKED,CONSENT_REVOKED,CONSENT_REVOKED,CONSENT_REVOKED,CONSENT_REVOKED,CONSENT_REVOKED
681e72171033fcc06f9574a3,5c0fdae73ee1040001e406b6,RETURNED,Not Applicable,2025-05-09T21:23:21.867000Z,,,2025-05-14T07:37:13.583173Z,,,50,CONSENT_REVOKED,CONSENT_REVOKED,CONSENT_REVOKED,CONSENT_REVOKED,CONSENT_REVOKED,CONSENT_REVOKED,CONSENT_REVOKED,CONSENT_REVOKED,CONSENT_REVOKED
681e7217e6cc26dab31ec981,6658c4239af9537eefdfbcc9,RETURNED,Not Applicable,2025-05-09T21:22:37.960000Z,,,2025-05-14T07:37:13.586153Z,,,731,CONSENT_REVOKED,CONSENT_REVOKED,CONSENT_REVOKED,CONSENT_REVOKED,CONSENT_REVOKED,CONSENT_REVOKED,CONSENT_REVOKED,CONSENT_REVOKED,CONSENT_REVOKED
681e722d6a349f6a378bd3da,67402c1286cd87fe38f29ffd,APPROVED,Not Applicable,2025-05-09T21:23:22.809000Z,2025-05-09T22:12:07.479000Z,2025-05-11T01:10:29.899000Z,2025-05-09T22:12:08.088094Z,2925.0,C41MHPUZ,306,31,Male,Black,Nigeria,United Kingdom,Nigeria,English,No,Full-Time
681e72504c3f62aa4544aa3c,64964aa1f009a15f6e5514f9,RETURNED,Not Applicable,2025-05-09T21:24:58.483000Z,,,2025-05-14T07:37:13.588672Z,,,286,CONSENT_REVOKED,CONSENT_REVOKED,CONSENT_REVOKED,CONSENT_REVOKED,CONSENT_REVOKED,CONSENT_REVOKED,CONSENT_REVOKED,CONSENT_REVOKED,CONSENT_REVOKED
681e7272e9f2519d403d11db,67e1da8a432675c0e850e8d1,RETURNED,Not Applicable,2025-05-09T21:24:08.639000Z,,,2025-05-14T07:37:13.589070Z,,,238,CONSENT_REVOKED,CONSENT_REVOKED,CONSENT_REVOKED,CONSENT_REVOKED,CONSENT_REVOKED,CONSENT_REVOKED,CONSENT_REVOKED,CONSENT_REVOKED,CONSENT_REVOKED
681e727890a3f8ca3824d43f,66e532bad00e2639412af721,APPROVED,Not Applicable,2025-05-09T21:28:12.448000Z,2025-05-09T22:36:28.425000Z,2025-05-11T01:11:22.730000Z,2025-05-09T22:36:28.996880Z,4096.0,C41MHPUZ,395,34,Female,Black,South Africa,United Kingdom,South Africa,English,DATA_EXPIRED,DATA_EXPIRED
681e728594179ace082fbb5f,57dd186e6598aa0001992616,RETURNED,Not Applicable,2025-05-09T21:26:14.945000Z,,,2025-05-14T07:37:13.588444Z,,,10268,CONSENT_REVOKED,CONSENT_REVOKED,CONSENT_REVOKED,CONSENT_REVOKED,CONSENT_REVOKED,CONSENT_REVOKED,CONSENT_REVOKED,CONSENT_REVOKED,CONSENT_REVOKED
681e7297bd5d2430b492f23e,67e268cbf13dcd115337894c,RETURNED,Not Applicable,2025-05-09T21:24:57.581000Z,,,2025-05-14T07:37:13.591933Z,,,732,CONSENT_REVOKED,CONSENT_REVOKED,CONSENT_REVOKED,CONSENT_REVOKED,CONSENT_REVOKED,CONSENT_REVOKED,CONSENT_REVOKED,CONSENT_REVOKED,CONSENT_REVOKED
681e72ac7b57d5f489746e74,67ae36e6472072f99199d636,APPROVED,Not Applicable,2025-05-09T21:31:53.856000Z,2025-05-09T22:21:48.285000Z,2025-05-11T01:11:10.418000Z,2025-05-09T22:21:48.910924Z,2995.0,C41MHPUZ,217,33,Female,Black,Canada,Canada,Canada,English,No,Full-Time
681e72d05dd10519e4414eab,6128188a420f8d3f27f8d8b1,RETURNED,Not Applicable,2025-05-09T21:25:40.135000Z,,,2025-05-14T07:37:13.591962Z,,,1807,CONSENT_REVOKED,CONSENT_REVOKED,CONSENT_REVOKED,CONSENT_REVOKED,CONSENT_REVOKED,CONSENT_REVOKED,CONSENT_REVOKED,CONSENT_REVOKED,CONSENT_REVOKED
681e72d911eabd01b87b982c,67d5b99182269dbe203d5272,RETURNED,Not Applicable,2025-05-09T21:26:17.753000Z,,,2025-05-14T07:37:13.597454Z,,,518,CONSENT_REVOKED,CONSENT_REVOKED,CONSENT_REVOKED,CONSENT_REVOKED,CONSENT_REVOKED,CONSENT_REVOKED,CONSENT_REVOKED,CONSENT_REVOKED,CONSENT_REVOKED
681e7322df94175aa861e61f,661456e17a86d23e34c091fd,RETURNED,Not Applicable,2025-05-09T21:27:11.913000Z,,,2025-05-14T07:37:13.597848Z,,,342,CONSENT_REVOKED,CONSENT_REVOKED,CONSENT_REVOKED,CONSENT_REVOKED,CONSENT_REVOKED,CONSENT_REVOKED,CONSENT_REVOKED,CONSENT_REVOKED,CONSENT_REVOKED
681e73dd1f93fe5ef0d46090,670e359d86e4228326e98709,RETURNED,Not Applicable,2025-05-09T21:30:16.435000Z,,,2025-05-14T07:37:13.601251Z,,,1137,CONSENT_REVOKED,CONSENT_REVOKED,CONSENT_REVOKED,CONSENT_REVOKED,CONSENT_REVOKED,CONSENT_REVOKED,CONSENT_REVOKED,CONSENT_REVOKED,CONSENT_REVOKED
681e73e41e1fad76bb82f4c4,6544fd514964fea23051c3b7,APPROVED,Not Applicable,2025-05-09T21:30:28.467000Z,2025-05-09T22:13:56.845000Z,2025-05-11T01:10:43.316000Z,2025-05-09T22:13:57.352401Z,2609.0,C41MHPUZ,699,38,Male,Black,Nigeria,Canada,Canada,English,No,Full-Time
681e74f3dae48e0b35c43add,67a8180879799b283e4ae296,RETURNED,Not Applicable,2025-05-09T21:34:59.310000Z,,,2025-05-14T07:37:13.616753Z,,,459,CONSENT_REVOKED,CONSENT_REVOKED,CONSENT_REVOKED,CONSENT_REVOKED,CONSENT_REVOKED,CONSENT_REVOKED,CONSENT_REVOKED,CONSENT_REVOKED,CONSENT_REVOKED
681e74f456d93a94a5be1a1a,63af557b3d4f219c3226b7d6,APPROVED,Not Applicable,2025-05-09T21:34:44.193000Z,2025-05-09T22:05:51.105000Z,2025-05-11T01:10:06.950000Z,2025-05-09T22:05:51.738556Z,1867.0,C41MHPUZ,2933,51,Female,White,United Kingdom,United Kingdom,United Kingdom,English,No,Part-Time
681e750bfb732429ef0b5d95,677b706794388e138823dffd,RETURNED,Not Applicable,2025-05-09T21:35:14.253000Z,2025-05-09T22:14:59.165000Z,,2025-05-15T03:38:51.988530Z,,C41MHPUZ,517,CONSENT_REVOKED,CONSENT_REVOKED,CONSENT_REVOKED,CONSENT_REVOKED,CONSENT_REVOKED,CONSENT_REVOKED,CONSENT_REVOKED,CONSENT_REVOKED,CONSENT_REVOKED
681e757793a87332a618ca76,68164650dd74ce8c307b9e7a,RETURNED,Not Applicable,2025-05-09T21:37:19.961000Z,,,2025-05-14T07:37:13.603356Z,,,254,CONSENT_REVOKED,CONSENT_REVOKED,CONSENT_REVOKED,CONSENT_REVOKED,CONSENT_REVOKED,CONSENT_REVOKED,CONSENT_REVOKED,CONSENT_REVOKED,CONSENT_REVOKED
681e75c9a71e49f78d66bf3d,67cf63e711c5ad89524a3171,RETURNED,Not Applicable,2025-05-09T21:38:33.012000Z,,,2025-05-14T07:37:13.606409Z,,,520,CONSENT_REVOKED,CONSENT_REVOKED,CONSENT_REVOKED,CONSENT_REVOKED,CONSENT_REVOKED,CONSENT_REVOKED,CONSENT_REVOKED,CONSENT_REVOKED,CONSENT_REVOKED
681e75fd06c6282916c64b51,6577a27da9f5297d49f38e6f,RETURNED,Not Applicable,2025-05-09T21:39:27.294000Z,,,2025-05-14T07:37:13.604626Z,,,439,CONSENT_REVOKED,CONSENT_REVOKED,CONSENT_REVOKED,CONSENT_REVOKED,CONSENT_REVOKED,CONSENT_REVOKED,CONSENT_REVOKED,CONSENT_REVOKED,CONSENT_REVOKED
681e763cb86cbf57d7dd75b2,5dc3552003f8562725a1b956,APPROVED,Not Applicable,2025-05-09T21:40:30.990000Z,2025-05-09T22:10:11.888000Z,2025-05-11T01:10:17.326000Z,2025-05-09T22:10:12.462428Z,1781.0,C41MHPUZ,4017,36,Male,White,United States,United States,United States,English,DATA_EXPIRED,DATA_EXPIRED
681e76efe49511654a40a4d5,6668d4917e343a318af11adf,APPROVED,Not Applicable,2025-05-09T21:44:08.606000Z,2025-05-09T22:48:54.600000Z,2025-05-11T01:11:31.056000Z,2025-05-09T22:48:55.163649Z,3886.0,C41MHPUZ,1061,26,Male,Black,United Kingdom,United Kingdom,United Kingdom,English,No,Full-Time
681e77872dda559160430799,60fd6618f9a377f54dcdf318,RETURNED,Not Applicable,2025-05-09T21:45:48.573000Z,,,2025-05-14T07:37:13.626898Z,,,10254,CONSENT_REVOKED,CONSENT_REVOKED,CONSENT_REVOKED,CONSENT_REVOKED,CONSENT_REVOKED,CONSENT_REVOKED,CONSENT_REVOKED,CONSENT_REVOKED,CONSENT_REVOKED
681e782b61aedf1a08a983c0,66da38dc1d5b9365584508ca,RETURNED,Not Applicable,2025-05-09T21:49:48.693000Z,,,2025-05-14T07:37:13.613437Z,,,2188,CONSENT_REVOKED,CONSENT_REVOKED,CONSENT_REVOKED,CONSENT_REVOKED,CONSENT_REVOKED,CONSENT_REVOKED,CONSENT_REVOKED,CONSENT_REVOKED,CONSENT_REVOKED
681e79b280c110fc8bc5f5b9,67d3047928d1b4f6d6f90ca2,RETURNED,Not Applicable,2025-05-09T21:55:03.529000Z,,,2025-05-14T07:37:13.615987Z,,,798,CONSENT_REVOKED,CONSENT_REVOKED,CONSENT_REVOKED,CONSENT_REVOKED,CONSENT_REVOKED,CONSENT_REVOKED,CONSENT_REVOKED,CONSENT_REVOKED,CONSENT_REVOKED
681e7a87ad0f5e5de9220d40,66bb63dab2b110041a61af00,RETURNED,Not Applicable,2025-05-09T21:59:51.170000Z,,,2025-05-14T07:37:13.610603Z,,,465,CONSENT_REVOKED,CONSENT_REVOKED,CONSENT_REVOKED,CONSENT_REVOKED,CONSENT_REVOKED,CONSENT_REVOKED,CONSENT_REVOKED,CONSENT_REVOKED,CONSENT_REVOKED
681e7a9d1c842a15bd7ef6de,67aec500d1835460d0a9a55a,RETURNED,Not Applicable,2025-05-09T21:58:58.058000Z,,,2025-05-14T07:37:13.611164Z,,,56,CONSENT_REVOKED,CONSENT_REVOKED,CONSENT_REVOKED,CONSENT_REVOKED,CONSENT_REVOKED,CONSENT_REVOKED,CONSENT_REVOKED,CONSENT_REVOKED,CONSENT_REVOKED
681e7c0be49511654a40a675,67534cd4cc3034d2d6956163,RETURNED,Not Applicable,2025-05-09T22:05:31.069000Z,,,2025-05-14T07:37:13.614748Z,,,633,CONSENT_REVOKED,CONSENT_REVOKED,CONSENT_REVOKED,CONSENT_REVOKED,CONSENT_REVOKED,CONSENT_REVOKED,CONSENT_REVOKED,CONSENT_REVOKED,CONSENT_REVOKED
681e7c3369790e9262c6de7f,67c6ed1e12728e4fe7a1edf6,RETURNED,Not Applicable,2025-05-09T22:05:43.380000Z,,,2025-05-14T07:37:13.634656Z,,,88,CONSENT_REVOKED,CONSENT_REVOKED,CONSENT_REVOKED,CONSENT_REVOKED,CONSENT_REVOKED,CONSENT_REVOKED,CONSENT_REVOKED,CONSENT_REVOKED,CONSENT_REVOKED
681e7dab728846da7fe256ce,646bd812bf93129feeb5a3dc,RETURNED,Not Applicable,2025-05-09T22:11:58.677000Z,,,2025-05-14T07:37:13.644768Z,,,2253,CONSENT_REVOKED,CONSENT_REVOKED,CONSENT_REVOKED,CONSENT_REVOKED,CONSENT_REVOKED,CONSENT_REVOKED,CONSENT_REVOKED,CONSENT_REVOKED,CONSENT_REVOKED
681e7de09087db2b83adbdfb,6737a722f41a6eaf3cdbb869,TIMED-OUT,Not Applicable,2025-05-09T22:13:25.101000Z,,,2025-05-14T07:37:13.648355Z,379429.0,,730,22,Female,Black,United States,United States,United States,English,Yes,Full-Time
681e7e89ef359b267dd0e132,68164650dd74ce8c307b9e7a,RETURNED,Not Applicable,2025-05-09T22:25:37.435000Z,,,2025-05-14T07:37:13.653617Z,,,254,CONSENT_REVOKED,CONSENT_REVOKED,CONSENT_REVOKED,CONSENT_REVOKED,CONSENT_REVOKED,CONSENT_REVOKED,CONSENT_REVOKED,CONSENT_REVOKED,CONSENT_REVOKED
681e7e8ffe6c103afd1cf719,67ea9ad398b8c9dc73ebce8f,RETURNED,Not Applicable,2025-05-09T22:15:50.356000Z,,,2025-05-14T07:37:13.642361Z,,,315,CONSENT_REVOKED,CONSENT_REVOKED,CONSENT_REVOKED,CONSENT_REVOKED,CONSENT_REVOKED,CONSENT_REVOKED,CONSENT_REVOKED,CONSENT_REVOKED,CONSENT_REVOKED
681e810a7efc3003c434770d,67d1e8cc4e0fd9dcd8ceed97,APPROVED,Not Applicable,2025-05-09T22:26:28.390000Z,2025-05-09T23:11:48.659000Z,2025-05-11T01:11:57.430000Z,2025-05-09T23:11:57.013052Z,2721.0,C41MHPUZ,316,35,DATA_EXPIRED,White,United States,United States,United States,English,No,DATA_EXPIRED
681e810b4c4ce524beedc55c,668180f26a3b162091510589,RETURNED,Not Applicable,2025-05-09T22:26:19.974000Z,,,2025-05-14T07:37:13.643873Z,,,904,CONSENT_REVOKED,CONSENT_REVOKED,CONSENT_REVOKED,CONSENT_REVOKED,CONSENT_REVOKED,CONSENT_REVOKED,CONSENT_REVOKED,CONSENT_REVOKED,CONSENT_REVOKED
681e81249d9a192c52a36ea3,6554e79557e3d6be08e32ceb,RETURNED,Not Applicable,2025-05-09T22:28:11.895000Z,,,2025-05-14T07:37:13.646871Z,,,1876,CONSENT_REVOKED,CONSENT_REVOKED,CONSENT_REVOKED,CONSENT_REVOKED,CONSENT_REVOKED,CONSENT_REVOKED,CONSENT_REVOKED,CONSENT_REVOKED,CONSENT_REVOKED
681e815960443251e9508d90,676ed8014625d5ebd417b5f2,APPROVED,Not Applicable,2025-05-09T22:27:48.771000Z,2025-05-09T22:54:25.823000Z,2025-05-11T01:11:44.378000Z,2025-05-09T22:54:26.367387Z,1598.0,C41MHPUZ,1015,59,Female,White,United States,United States,United States,English,No,Unemployed (and job seeking)
681e8238c8d3431b55e5f06b,677d99129a69144291bf24bd,APPROVED,Not Applicable,2025-05-09T22:31:23.888000Z,2025-05-09T23:15:36.443000Z,2025-05-11T01:12:07.070000Z,2025-05-09T23:15:37.006693Z,2653.0,C41MHPUZ,918,39,Female,Asian,United Arab Emirates,United States,United States,Hindi,No,"Not in paid work (e.g. homemaker', 'retired or disabled)"
681e864014f5090799069fec,67cf114d88ac6082ae5c17bd,RETURNED,Not Applicable,2025-05-09T22:48:40.874000Z,,,2025-05-14T07:37:13.654500Z,,,503,CONSENT_REVOKED,CONSENT_REVOKED,CONSENT_REVOKED,CONSENT_REVOKED,CONSENT_REVOKED,CONSENT_REVOKED,CONSENT_REVOKED,CONSENT_REVOKED,CONSENT_REVOKED
681e8685fd72ecd8408b2a12,64d901edd0bcbd2cf64d560f,RETURNED,Not Applicable,2025-05-09T22:49:51.313000Z,,,2025-05-14T07:37:13.651303Z,,,3208,CONSENT_REVOKED,CONSENT_REVOKED,CONSENT_REVOKED,CONSENT_REVOKED,CONSENT_REVOKED,CONSENT_REVOKED,CONSENT_REVOKED,CONSENT_REVOKED,CONSENT_REVOKED
681e8905184daef65b6dc952,678948fcf1b5f95ece17a586,RETURNED,Not Applicable,2025-05-09T23:03:05.581000Z,2025-05-09T23:45:15.775000Z,,2025-05-14T07:37:13.662412Z,,C41MHPUZ,567,CONSENT_REVOKED,CONSENT_REVOKED,CONSENT_REVOKED,CONSENT_REVOKED,CONSENT_REVOKED,CONSENT_REVOKED,CONSENT_REVOKED,CONSENT_REVOKED,CONSENT_REVOKED
681e8956497756275fb8cc45,5f5327adfc189062fa0e0fb1,RETURNED,Not Applicable,2025-05-09T23:11:42.275000Z,,,2025-05-14T07:37:13.653901Z,,,342,CONSENT_REVOKED,CONSENT_REVOKED,CONSENT_REVOKED,CONSENT_REVOKED,CONSENT_REVOKED,CONSENT_REVOKED,CONSENT_REVOKED,CONSENT_REVOKED,CONSENT_REVOKED
681e896217b79702ade8e0bc,65ebbbc0a6328372037a40c1,RETURNED,Not Applicable,2025-05-09T23:11:54.301000Z,,,2025-05-14T07:37:13.656168Z,,,1774,CONSENT_REVOKED,CONSENT_REVOKED,CONSENT_REVOKED,CONSENT_REVOKED,CONSENT_REVOKED,CONSENT_REVOKED,CONSENT_REVOKED,CONSENT_REVOKED,CONSENT_REVOKED
681e898f1c842a15bd7efe0e,665f5744f064b435b440a803,APPROVED,Not Applicable,2025-05-09T23:02:47.735000Z,2025-05-09T23:29:25.154000Z,2025-05-11T01:54:02.171000Z,2025-05-09T23:29:25.619148Z,1598.0,C41MHPUZ,248,21,Female,White,United States,United States,United States,English,Yes,Full-Time
681e935f8ab63982212a3709,5e4a9e0ade1012000aa3de0e,RETURNED,Not Applicable,2025-05-09T23:44:39.467000Z,,,2025-05-14T07:37:13.656449Z,,,724,CONSENT_REVOKED,CONSENT_REVOKED,CONSENT_REVOKED,CONSENT_REVOKED,CONSENT_REVOKED,CONSENT_REVOKED,CONSENT_REVOKED,CONSENT_REVOKED,CONSENT_REVOKED
681e93608118f70afa4b1367,673cf6d476dc4af064402a8c,APPROVED,Not Applicable,2025-05-09T23:44:41.045000Z,2025-05-10T00:17:04.794000Z,2025-05-11T01:13:13.978000Z,2025-05-10T00:17:05.341856Z,1944.0,C41MHPUZ,849,22,Female,White,United States,United States,United States,English,DATA_EXPIRED,Full-Time
681e9360c279f57cd8e50cd9,677d99129a69144291bf24bd,RETURNED,Not Applicable,2025-05-09T23:44:38.279000Z,,,2025-05-14T07:37:13.660453Z,,,955,CONSENT_REVOKED,CONSENT_REVOKED,CONSENT_REVOKED,CONSENT_REVOKED,CONSENT_REVOKED,CONSENT_REVOKED,CONSENT_REVOKED,CONSENT_REVOKED,CONSENT_REVOKED
681e936142443f0769d84d43,677fb35eafd357a07e351a9f,RETURNED,Not Applicable,2025-05-09T23:51:55.251000Z,,,2025-05-14T07:37:13.658374Z,,,1177,CONSENT_REVOKED,CONSENT_REVOKED,CONSENT_REVOKED,CONSENT_REVOKED,CONSENT_REVOKED,CONSENT_REVOKED,CONSENT_REVOKED,CONSENT_REVOKED,CONSENT_REVOKED
681e93616553f5346b3fa30f,598517f52e38840001455b12,RETURNED,Not Applicable,2025-05-09T23:47:30.457000Z,,,2025-05-14T07:37:13.673373Z,,,400,CONSENT_REVOKED,CONSENT_REVOKED,CONSENT_REVOKED,CONSENT_REVOKED,CONSENT_REVOKED,CONSENT_REVOKED,CONSENT_REVOKED,CONSENT_REVOKED,CONSENT_REVOKED
681e9361d91230d514238f34,677b2ddf057825ce9349c9dd,APPROVED,Not Applicable,2025-05-09T23:44:51.882000Z,2025-05-10T00:10:12.523000Z,2025-05-11T01:12:16.828000Z,2025-05-10T00:10:12.936425Z,1521.0,C41MHPUZ,142,50,Male,White,Australia,Australia,Australia,English,No,Part-Time
681e93620ef6163f5db744b7,6779b1da1c6dd9780bdc8f82,RETURNED,Not Applicable,2025-05-09T23:54:34.400000Z,,,2025-05-14T07:37:13.663464Z,,,355,CONSENT_REVOKED,CONSENT_REVOKED,CONSENT_REVOKED,CONSENT_REVOKED,CONSENT_REVOKED,CONSENT_REVOKED,CONSENT_REVOKED,CONSENT_REVOKED,CONSENT_REVOKED
681e936210c542b16043777a,5d8aa167b7feb8001af39ccc,RETURNED,Not Applicable,2025-05-09T23:44:39.037000Z,,,2025-05-14T07:37:13.662687Z,,,932,CONSENT_REVOKED,CONSENT_REVOKED,CONSENT_REVOKED,CONSENT_REVOKED,CONSENT_REVOKED,CONSENT_REVOKED,CONSENT_REVOKED,CONSENT_REVOKED,CONSENT_REVOKED
681e93622a262fed6930cefa,6735226eb110b62ab50658d9,RETURNED,Not Applicable,2025-05-09T23:44:56.715000Z,,,2025-05-14T07:37:13.689930Z,,,1022,CONSENT_REVOKED,CONSENT_REVOKED,CONSENT_REVOKED,CONSENT_REVOKED,CONSENT_REVOKED,CONSENT_REVOKED,CONSENT_REVOKED,CONSENT_REVOKED,CONSENT_REVOKED
681e93636f6899b0ff6e30c2,650b03136ab3d4c832d98b71,RETURNED,Not Applicable,2025-05-09T23:44:35.862000Z,,,2025-05-14T07:37:13.665153Z,,,4554,CONSENT_REVOKED,CONSENT_REVOKED,CONSENT_REVOKED,CONSENT_REVOKED,CONSENT_REVOKED,CONSENT_REVOKED,CONSENT_REVOKED,CONSENT_REVOKED,CONSENT_REVOKED
681e9363809775374f0cf97d,675e0021fb5b64314d65aee9,RETURNED,Not Applicable,2025-05-09T23:44:40.707000Z,,,2025-05-14T07:37:13.667464Z,,,1010,CONSENT_REVOKED,CONSENT_REVOKED,CONSENT_REVOKED,CONSENT_REVOKED,CONSENT_REVOKED,CONSENT_REVOKED,CONSENT_REVOKED,CONSENT_REVOKED,CONSENT_REVOKED
681e93683bb2ac6c03f1a472,5d3cbfd33dcf870019c76677,RETURNED,Not Applicable,2025-05-09T23:45:08.881000Z,,,2025-05-14T07:37:13.669776Z,,,1240,CONSENT_REVOKED,CONSENT_REVOKED,CONSENT_REVOKED,CONSENT_REVOKED,CONSENT_REVOKED,CONSENT_REVOKED,CONSENT_REVOKED,CONSENT_REVOKED,CONSENT_REVOKED
681e9375d2bea684a450d41e,662973533159df515afdd606,APPROVED,Not Applicable,2025-05-09T23:44:59.630000Z,2025-05-10T00:14:44.932000Z,2025-05-11T01:12:30.723000Z,2025-05-10T00:14:45.453818Z,1786.0,C41MHPUZ,2230,46,Female,DATA_EXPIRED,United States,United States,United States,English,DATA_EXPIRED,Part-Time
681e937aea492f8477a0bca8,67d4944476779998c97a4d54,RETURNED,Not Applicable,2025-05-09T23:45:06.618000Z,2025-05-10T00:02:18.038000Z,,2025-05-14T07:37:13.675221Z,,C41MHPUZ,256,CONSENT_REVOKED,CONSENT_REVOKED,CONSENT_REVOKED,CONSENT_REVOKED,CONSENT_REVOKED,CONSENT_REVOKED,CONSENT_REVOKED,CONSENT_REVOKED,CONSENT_REVOKED
681e9436c84cc0eed980f030,67ba35b0a2aff76b7c7beae0,RETURNED,Not Applicable,2025-05-09T23:48:11.193000Z,2025-05-10T00:05:25.130000Z,,2025-05-14T07:37:13.676030Z,,C41MHPUZ,322,CONSENT_REVOKED,CONSENT_REVOKED,CONSENT_REVOKED,CONSENT_REVOKED,CONSENT_REVOKED,CONSENT_REVOKED,CONSENT_REVOKED,CONSENT_REVOKED,CONSENT_REVOKED
681e943fdae48e0b35c443cc,6813e003857b2e9a8b18ace7,RETURNED,Not Applicable,2025-05-09T23:48:43.736000Z,,,2025-05-14T07:37:13.676896Z,,,152,CONSENT_REVOKED,CONSENT_REVOKED,CONSENT_REVOKED,CONSENT_REVOKED,CONSENT_REVOKED,CONSENT_REVOKED,CONSENT_REVOKED,CONSENT_REVOKED,CONSENT_REVOKED
681e9482de21600ed151c5d6,6776bd45548f97b8129afed9,APPROVED,Not Applicable,2025-05-09T23:49:27.151000Z,2025-05-10T00:16:17.989000Z,2025-05-11T01:13:06.096000Z,2025-05-10T00:16:18.534292Z,1611.0,C41MHPUZ,299,26,Female,White,United Kingdom,United Kingdom,United Kingdom,English,No,Part-Time
681e95280dbcaedadb1034e6,6668d4917e343a318af11adf,APPROVED,Not Applicable,2025-05-09T23:52:33.033000Z,2025-05-10T00:15:21.321000Z,2025-05-11T01:12:41.363000Z,2025-05-10T00:15:21.838550Z,1369.0,C41MHPUZ,1062,26,Male,Black,United Kingdom,United Kingdom,United Kingdom,English,No,Full-Time
681e97ee0511a76e32f34822,66e367ac9940dc1f0027eff1,RETURNED,Not Applicable,2025-05-10T00:04:09.026000Z,,,2025-05-14T07:37:13.678794Z,,,287,CONSENT_REVOKED,CONSENT_REVOKED,CONSENT_REVOKED,CONSENT_REVOKED,CONSENT_REVOKED,CONSENT_REVOKED,CONSENT_REVOKED,CONSENT_REVOKED,CONSENT_REVOKED
681e9848a1b374474143d2c0,67eb09d69af29d8b61649c0d,RETURNED,Not Applicable,2025-05-10T00:05:55.224000Z,,,2025-05-14T07:37:13.681179Z,,,456,CONSENT_REVOKED,CONSENT_REVOKED,CONSENT_REVOKED,CONSENT_REVOKED,CONSENT_REVOKED,CONSENT_REVOKED,CONSENT_REVOKED,CONSENT_REVOKED,CONSENT_REVOKED
681e9a0cf9875594153aa21f,674b46b00690584bddd6e33b,RETURNED,Not Applicable,2025-05-10T00:13:06.077000Z,,,2025-05-14T07:37:13.683328Z,,,1237,CONSENT_REVOKED,CONSENT_REVOKED,CONSENT_REVOKED,CONSENT_REVOKED,CONSENT_REVOKED,CONSENT_REVOKED,CONSENT_REVOKED,CONSENT_REVOKED,CONSENT_REVOKED
681e9a21fde759ea416d6213,65599c698363f734b0325aa2,APPROVED,Not Applicable,2025-05-10T00:13:39.841000Z,2025-05-10T00:40:39.039000Z,2025-05-11T01:13:29.232000Z,2025-05-10T00:40:39.560553Z,1620.0,C41MHPUZ,1094,42,Male,White,United Kingdom,United Kingdom,United Kingdom,English,Yes,Unemployed (and job seeking)
681e9a6d38b905c5bc57a06c,67b816f474ae7757b2ae4f4f,RETURNED,Not Applicable,2025-05-10T00:15:58.147000Z,,,2025-05-14T07:37:13.682529Z,,,711,CONSENT_REVOKED,CONSENT_REVOKED,CONSENT_REVOKED,CONSENT_REVOKED,CONSENT_REVOKED,CONSENT_REVOKED,CONSENT_REVOKED,CONSENT_REVOKED,CONSENT_REVOKED
681e9a83970c7ac6bff2299c,66f305037af69346a9a55b42,APPROVED,Not Applicable,2025-05-10T00:15:17.597000Z,2025-05-10T00:43:36.954000Z,2025-05-11T01:14:10.924000Z,2025-05-10T00:43:37.403441Z,1700.0,C41MHPUZ,1828,33,Female,White,United States,United States,United States,English,No,DATA_EXPIRED
681e9c683d433a8f01ed9193,6765829a949d1203926e1ade,RETURNED,Not Applicable,2025-05-10T00:23:26.306000Z,,,2025-05-14T07:37:13.684766Z,,,143,CONSENT_REVOKED,CONSENT_REVOKED,CONSENT_REVOKED,CONSENT_REVOKED,CONSENT_REVOKED,CONSENT_REVOKED,CONSENT_REVOKED,CONSENT_REVOKED,CONSENT_REVOKED
681e9dc14848c2eb884fc1c0,67be0b14104c7c690273444a,APPROVED,Not Applicable,2025-05-10T00:28:56.246000Z,2025-05-10T00:51:42.049000Z,2025-05-11T01:14:29.209000Z,2025-05-10T00:51:42.626202Z,1366.0,C41MHPUZ,57,23,Female,Asian,Philippines,Canada,Philippines,English,No,Unemployed (and job seeking)
681ea2124eda75e5fc56fc93,5ed9c3054268815691ed0e2c,RETURNED,Not Applicable,2025-05-10T00:58:00.057000Z,,,2025-05-14T07:37:13.686170Z,,,2057,CONSENT_REVOKED,CONSENT_REVOKED,CONSENT_REVOKED,CONSENT_REVOKED,CONSENT_REVOKED,CONSENT_REVOKED,CONSENT_REVOKED,CONSENT_REVOKED,CONSENT_REVOKED
681ea253dc35694c8e06ad14,67e7ff1ef81c52ec2bf98f85,RETURNED,Not Applicable,2025-05-10T00:52:37.862000Z,,,2025-05-14T07:37:13.689764Z,,,554,CONSENT_REVOKED,CONSENT_REVOKED,CONSENT_REVOKED,CONSENT_REVOKED,CONSENT_REVOKED,CONSENT_REVOKED,CONSENT_REVOKED,CONSENT_REVOKED,CONSENT_REVOKED
681ea2541e40ee50941cf46a,67d3358738a335692d8b0e54,RETURNED,Not Applicable,2025-05-10T00:58:20.620000Z,,,2025-05-14T07:37:13.689386Z,,,335,CONSENT_REVOKED,CONSENT_REVOKED,CONSENT_REVOKED,CONSENT_REVOKED,CONSENT_REVOKED,CONSENT_REVOKED,CONSENT_REVOKED,CONSENT_REVOKED,CONSENT_REVOKED
681ea255357235fbc095b943,67d1e8cc4e0fd9dcd8ceed97,APPROVED,Not Applicable,2025-05-10T00:48:27.941000Z,2025-05-10T01:10:43.175000Z,2025-05-11T01:14:42.175000Z,2025-05-10T01:10:43.741169Z,1336.0,C41MHPUZ,318,35,DATA_EXPIRED,White,United States,United States,United States,English,No,DATA_EXPIRED
681ea25607964f336f3eff87,668180f26a3b162091510589,RETURNED,Not Applicable,2025-05-10T00:58:22.641000Z,,,2025-05-14T07:37:13.691309Z,,,904,CONSENT_REVOKED,CONSENT_REVOKED,CONSENT_REVOKED,CONSENT_REVOKED,CONSENT_REVOKED,CONSENT_REVOKED,CONSENT_REVOKED,CONSENT_REVOKED,CONSENT_REVOKED
681ea2575193b5efb923e215,671137bfe81fc6cf620ce313,RETURNED,Not Applicable,2025-05-10T00:48:28.724000Z,,,2025-05-14T07:37:13.693093Z,,,1819,CONSENT_REVOKED,CONSENT_REVOKED,CONSENT_REVOKED,CONSENT_REVOKED,CONSENT_REVOKED,CONSENT_REVOKED,CONSENT_REVOKED,CONSENT_REVOKED,CONSENT_REVOKED
681ea257a6c199117588458b,67e24fb0c92973e0d4cb7835,RETURNED,Not Applicable,2025-05-10T00:48:32.666000Z,,,2025-05-14T07:37:13.701459Z,,,281,CONSENT_REVOKED,CONSENT_REVOKED,CONSENT_REVOKED,CONSENT_REVOKED,CONSENT_REVOKED,CONSENT_REVOKED,CONSENT_REVOKED,CONSENT_REVOKED,CONSENT_REVOKED
681ea2584a1559363df4d521,681a6990dcfc56c532e8348d,RETURNED,Not Applicable,2025-05-10T00:48:38.187000Z,2025-05-10T01:00:23.060000Z,,2025-05-14T07:37:13.702274Z,,C41MHPUZ,186,CONSENT_REVOKED,CONSENT_REVOKED,CONSENT_REVOKED,CONSENT_REVOKED,CONSENT_REVOKED,CONSENT_REVOKED,CONSENT_REVOKED,CONSENT_REVOKED,CONSENT_REVOKED
681ea2586e5c662c973af330,67bf7350d1bc6412e8768ca1,RETURNED,Not Applicable,2025-05-10T00:49:33.082000Z,2025-05-10T01:05:02.319000Z,,2025-05-14T07:37:13.700131Z,,NOCODE,181,CONSENT_REVOKED,CONSENT_REVOKED,CONSENT_REVOKED,CONSENT_REVOKED,CONSENT_REVOKED,CONSENT_REVOKED,CONSENT_REVOKED,CONSENT_REVOKED,CONSENT_REVOKED
681ea25894c8da8198525cca,6700692a734d586f97c7b684,RETURNED,Not Applicable,2025-05-10T00:49:24.734000Z,,,2025-05-14T07:37:13.703597Z,,,1505,CONSENT_REVOKED,CONSENT_REVOKED,CONSENT_REVOKED,CONSENT_REVOKED,CONSENT_REVOKED,CONSENT_REVOKED,CONSENT_REVOKED,CONSENT_REVOKED,CONSENT_REVOKED
681ea2595517119ac1f3420c,66e0569e76fa6e4be6919693,RETURNED,Not Applicable,2025-05-10T00:53:00.460000Z,,,2025-05-14T07:37:13.706414Z,,,1025,CONSENT_REVOKED,CONSENT_REVOKED,CONSENT_REVOKED,CONSENT_REVOKED,CONSENT_REVOKED,CONSENT_REVOKED,CONSENT_REVOKED,CONSENT_REVOKED,CONSENT_REVOKED
681ea265248079158a8ad6ae,67094d6215b6d0fe3e8c3e39,RETURNED,Not Applicable,2025-05-10T00:48:41.575000Z,,,2025-05-14T07:37:13.705496Z,,,1972,CONSENT_REVOKED,CONSENT_REVOKED,CONSENT_REVOKED,CONSENT_REVOKED,CONSENT_REVOKED,CONSENT_REVOKED,CONSENT_REVOKED,CONSENT_REVOKED,CONSENT_REVOKED
681ea298aea245b2f5598286,67b6e781ac07f2b2bd6a353b,APPROVED,Not Applicable,2025-05-10T00:52:19.872000Z,2025-05-10T01:17:33.924000Z,2025-05-11T02:05:58.937000Z,2025-05-10T01:17:34.471227Z,1515.0,C41MHPUZ,526,57,Male,DATA_EXPIRED,United States,United States,United States,English,DATA_EXPIRED,Part-Time
681ea3017bcaa0e966c5fe52,67a72a2a346c08cd36e7860a,RETURNED,Not Applicable,2025-05-10T00:51:31.941000Z,,,2025-05-14T07:37:13.708403Z,,,1130,CONSENT_REVOKED,CONSENT_REVOKED,CONSENT_REVOKED,CONSENT_REVOKED,CONSENT_REVOKED,CONSENT_REVOKED,CONSENT_REVOKED,CONSENT_REVOKED,CONSENT_REVOKED
681ea3ae51c3c30507703244,67e70a61f963fecfc78db7ab,APPROVED,Not Applicable,2025-05-10T00:57:35.245000Z,2025-05-10T02:00:51.108000Z,2025-05-11T01:15:19.467000Z,2025-05-10T02:00:51.625781Z,3796.0,C41MHPUZ,642,54,Male,Asian,China,United States,United States,English,No,"Not in paid work (e.g. homemaker', 'retired or disabled)"
681ea44c6a3214c20e9eb45e,661571d6cc16ee34676734df,REJECTED,Not Applicable,2025-05-10T00:56:50.768000Z,2025-05-10T01:06:16.444000Z,2025-05-14T07:31:32.809000Z,2025-05-14T07:37:13.710857Z,566.0,C41MHPUZ,2120,CONSENT_REVOKED,CONSENT_REVOKED,CONSENT_REVOKED,CONSENT_REVOKED,CONSENT_REVOKED,CONSENT_REVOKED,CONSENT_REVOKED,CONSENT_REVOKED,CONSENT_REVOKED
681ea49babae6765d4631399,67f3362cedfe12908610b4c5,RETURNED,Not Applicable,2025-05-10T00:58:33.243000Z,,,2025-05-14T07:37:13.713022Z,,,36,CONSENT_REVOKED,CONSENT_REVOKED,CONSENT_REVOKED,CONSENT_REVOKED,CONSENT_REVOKED,CONSENT_REVOKED,CONSENT_REVOKED,CONSENT_REVOKED,CONSENT_REVOKED
681ea4abe25aac862d44c359,680d54968e828f2eb1ea2482,RETURNED,Not Applicable,2025-05-10T01:08:19.471000Z,,,2025-05-14T07:37:13.712204Z,,,141,CONSENT_REVOKED,CONSENT_REVOKED,CONSENT_REVOKED,CONSENT_REVOKED,CONSENT_REVOKED,CONSENT_REVOKED,CONSENT_REVOKED,CONSENT_REVOKED,CONSENT_REVOKED
681ea4d33d271dd5557343f4,65380aa0598f6524cdbcf013,RETURNED,Not Applicable,2025-05-10T00:59:16.657000Z,,,2025-05-14T07:37:13.715819Z,,,1090,CONSENT_REVOKED,CONSENT_REVOKED,CONSENT_REVOKED,CONSENT_REVOKED,CONSENT_REVOKED,CONSENT_REVOKED,CONSENT_REVOKED,CONSENT_REVOKED,CONSENT_REVOKED
681ea5434e5a24e03ee1d5b8,6674214997c056fddf117f32,RETURNED,Not Applicable,2025-05-10T01:00:55.742000Z,,,2025-05-14T07:37:13.715419Z,,,269,CONSENT_REVOKED,CONSENT_REVOKED,CONSENT_REVOKED,CONSENT_REVOKED,CONSENT_REVOKED,CONSENT_REVOKED,CONSENT_REVOKED,CONSENT_REVOKED,CONSENT_REVOKED
681ea58905ee87d83a5f0993,5ed9c3054268815691ed0e2c,RETURNED,Not Applicable,2025-05-10T01:12:01.208000Z,,,2025-05-14T07:37:13.717659Z,,,2057,CONSENT_REVOKED,CONSENT_REVOKED,CONSENT_REVOKED,CONSENT_REVOKED,CONSENT_REVOKED,CONSENT_REVOKED,CONSENT_REVOKED,CONSENT_REVOKED,CONSENT_REVOKED
681ea58ace9ec113fe9f7a6e,67d184729aa937ccec298d54,APPROVED,Not Applicable,2025-05-10T01:02:10.051000Z,2025-05-10T01:55:49.050000Z,2025-05-11T01:15:06.474000Z,2025-05-10T01:55:49.562449Z,3219.0,C41MHPUZ,258,23,Female,Black,United States,United States,United States,English,Yes,Part-Time
681ea5ef6854248f2646455e,680e67f9d4d42c1a45b04c57,APPROVED,Not Applicable,2025-05-10T01:03:49.100000Z,2025-05-10T02:04:36.410000Z,2025-05-11T01:15:26.388000Z,2025-05-10T02:04:36.949559Z,3648.0,C41MHPUZ,123,62,Female,White,United States,United States,United States,English,No,Full-Time
681ea6021defbfb7d345a911,673feeafa80a279f5cc63e33,RETURNED,Not Applicable,2025-05-10T01:04:20.279000Z,,,2025-05-14T07:37:13.721544Z,,,1431,CONSENT_REVOKED,CONSENT_REVOKED,CONSENT_REVOKED,CONSENT_REVOKED,CONSENT_REVOKED,CONSENT_REVOKED,CONSENT_REVOKED,CONSENT_REVOKED,CONSENT_REVOKED
681ea75d61481b0cb5e5b1cf,62d43cee3d60ac98c1dcacc8,APPROVED,Not Applicable,2025-05-10T01:09:53.767000Z,2025-05-10T01:51:34.109000Z,2025-05-11T01:14:59.149000Z,2025-05-10T01:51:34.608702Z,2501.0,C41MHPUZ,5747,27,Male,White,United States,United States,United States,English,DATA_EXPIRED,DATA_EXPIRED
681ea7604fdb997d860c9396,671c1cac1f90e3f57d109abf,APPROVED,Not Applicable,2025-05-10T01:09:57.477000Z,2025-05-10T01:45:06.770000Z,2025-05-11T01:14:51.680000Z,2025-05-10T01:45:07.326589Z,2110.0,C41MHPUZ,380,40,Female,White,Canada,Canada,Canada,English,No,Full-Time
681eb18a17b79702ade8e631,673b7ef45c9291ade287d5d7,APPROVED,Not Applicable,2025-05-10T01:54:26.165000Z,2025-05-10T03:01:14.169000Z,2025-05-11T01:15:37.311000Z,2025-05-10T03:18:43.673735Z,4009.0,C41MHPUZ,511,29,Female,White,Azerbaijan,Canada,Canada,English,No,Full-Time
681ebfe296e4d12caa9ab509,67414dcbcf89f6a633385d49,APPROVED,Not Applicable,2025-05-10T02:55:24.662000Z,2025-05-10T03:24:07.482000Z,2025-05-11T01:15:59.089000Z,2025-05-10T03:24:08.030711Z,1723.0,C41MHPUZ,280,29,Male,White,United States,United States,United States,English,No,Unemployed (and job seeking)
681ebfe4b234f9e422439af8,5ed9c3054268815691ed0e2c,RETURNED,Not Applicable,2025-05-10T03:04:28.592000Z,,,2025-05-14T07:37:13.721940Z,,,2057,CONSENT_REVOKED,CONSENT_REVOKED,CONSENT_REVOKED,CONSENT_REVOKED,CONSENT_REVOKED,CONSENT_REVOKED,CONSENT_REVOKED,CONSENT_REVOKED,CONSENT_REVOKED
681ebfe653c91280c5d5fe6c,66b4deefa32b6bd7b2bdecdf,RETURNED,Not Applicable,2025-05-10T02:54:53.544000Z,,,2025-05-14T07:37:13.721873Z,,,320,CONSENT_REVOKED,CONSENT_REVOKED,CONSENT_REVOKED,CONSENT_REVOKED,CONSENT_REVOKED,CONSENT_REVOKED,CONSENT_REVOKED,CONSENT_REVOKED,CONSENT_REVOKED
681ebfe79d9a192c52a3764c,679334a846e22adcedd4cfd0,APPROVED,Not Applicable,2025-05-10T02:55:04.988000Z,2025-05-10T03:52:09.025000Z,2025-05-11T01:16:24.917000Z,2025-05-10T03:52:09.551352Z,3425.0,C41MHPUZ,768,40,Female,White,United States,United States,United States,English,DATA_EXPIRED,Full-Time
681ebfe8714e2f1749ce45fc,669686a5127f2cf6e1c55f43,RETURNED,Not Applicable,2025-05-10T02:54:48.778000Z,,,2025-05-14T07:37:13.761861Z,,,194,CONSENT_REVOKED,CONSENT_REVOKED,CONSENT_REVOKED,CONSENT_REVOKED,CONSENT_REVOKED,CONSENT_REVOKED,CONSENT_REVOKED,CONSENT_REVOKED,CONSENT_REVOKED
681ebfe898ed4e5c5b661231,6481e7756969fcd48ea9c634,RETURNED,Not Applicable,2025-05-10T02:54:52.657000Z,2025-05-10T03:41:40.020000Z,,2025-05-14T07:37:13.723548Z,,NOCODE,1077,CONSENT_REVOKED,CONSENT_REVOKED,CONSENT_REVOKED,CONSENT_REVOKED,CONSENT_REVOKED,CONSENT_REVOKED,CONSENT_REVOKED,CONSENT_REVOKED,CONSENT_REVOKED
681ebfe91b6e65527fde8722,66759eb2274a4f10deeba339,RETURNED,Not Applicable,2025-05-10T02:54:39.049000Z,,,2025-05-14T07:37:13.727795Z,,,2400,CONSENT_REVOKED,CONSENT_REVOKED,CONSENT_REVOKED,CONSENT_REVOKED,CONSENT_REVOKED,CONSENT_REVOKED,CONSENT_REVOKED,CONSENT_REVOKED,CONSENT_REVOKED
681ebfeb3bf754a006a787c0,5caa534a19731a00190bb935,RETURNED,Not Applicable,2025-05-10T02:54:34.998000Z,,,2025-05-14T07:37:13.738334Z,,,4754,CONSENT_REVOKED,CONSENT_REVOKED,CONSENT_REVOKED,CONSENT_REVOKED,CONSENT_REVOKED,CONSENT_REVOKED,CONSENT_REVOKED,CONSENT_REVOKED,CONSENT_REVOKED
681ebfeb3fa0c5de205e7a82,68116ea253c5d69b9656cb50,RETURNED,Not Applicable,2025-05-10T02:54:46.984000Z,,,2025-05-14T07:37:13.728564Z,,,170,CONSENT_REVOKED,CONSENT_REVOKED,CONSENT_REVOKED,CONSENT_REVOKED,CONSENT_REVOKED,CONSENT_REVOKED,CONSENT_REVOKED,CONSENT_REVOKED,CONSENT_REVOKED
681ebfebec81ec6b2c82df55,67b5e86d29d60323b93d2b34,RETURNED,Not Applicable,2025-05-10T02:54:52.548000Z,,,2025-05-14T07:37:13.730583Z,,,208,CONSENT_REVOKED,CONSENT_REVOKED,CONSENT_REVOKED,CONSENT_REVOKED,CONSENT_REVOKED,CONSENT_REVOKED,CONSENT_REVOKED,CONSENT_REVOKED,CONSENT_REVOKED
681ebffe1e0c6eb89c4b7187,660cda55786e37b1cbb49717,RETURNED,Not Applicable,2025-05-10T02:55:00.853000Z,,,2025-05-14T07:37:13.733312Z,,,2268,CONSENT_REVOKED,CONSENT_REVOKED,CONSENT_REVOKED,CONSENT_REVOKED,CONSENT_REVOKED,CONSENT_REVOKED,CONSENT_REVOKED,CONSENT_REVOKED,CONSENT_REVOKED
681ec04a4dcc60e8788ae52d,680e8bb23e711754c3e41b81,RETURNED,Not Applicable,2025-05-10T02:56:15.205000Z,,,2025-05-14T07:37:13.734042Z,,,47,CONSENT_REVOKED,CONSENT_REVOKED,CONSENT_REVOKED,CONSENT_REVOKED,CONSENT_REVOKED,CONSENT_REVOKED,CONSENT_REVOKED,CONSENT_REVOKED,CONSENT_REVOKED
681ec06f36e5972143b80828,6676fab6295042ff191ead64,RETURNED,Not Applicable,2025-05-10T02:57:15.356000Z,,,2025-05-14T07:37:13.734531Z,,,3283,CONSENT_REVOKED,CONSENT_REVOKED,CONSENT_REVOKED,CONSENT_REVOKED,CONSENT_REVOKED,CONSENT_REVOKED,CONSENT_REVOKED,CONSENT_REVOKED,CONSENT_REVOKED
681ec0b6054e3453ea50b817,673d1e032ff619fa7f57213a,APPROVED,Not Applicable,2025-05-10T02:58:18.567000Z,2025-05-10T03:43:49.868000Z,2025-05-11T02:12:49.059000Z,2025-05-10T03:43:50.393973Z,2732.0,C41MHPUZ,710,73,Male,White,United States,United States,United States,English,No,"Not in paid work (e.g. homemaker', 'retired or disabled)"
681ec0c3d431a19b389f3af2,66342d8c28e19448411018bb,RETURNED,Not Applicable,2025-05-10T02:58:19.036000Z,,,2025-05-14T07:37:13.737020Z,,,642,CONSENT_REVOKED,CONSENT_REVOKED,CONSENT_REVOKED,CONSENT_REVOKED,CONSENT_REVOKED,CONSENT_REVOKED,CONSENT_REVOKED,CONSENT_REVOKED,CONSENT_REVOKED
681ec0d1de7ba8a553a37ce9,66fc3eca57fcbf1065703183,RETURNED,Not Applicable,2025-05-10T02:58:33.006000Z,,,2025-05-14T07:37:13.739913Z,,,1087,CONSENT_REVOKED,CONSENT_REVOKED,CONSENT_REVOKED,CONSENT_REVOKED,CONSENT_REVOKED,CONSENT_REVOKED,CONSENT_REVOKED,CONSENT_REVOKED,CONSENT_REVOKED
681ec100ba54e7c96b4d97e2,67758b914f06b14a31669644,APPROVED,Not Applicable,2025-05-10T02:59:23.499000Z,2025-05-10T03:43:54.537000Z,2025-05-11T01:16:16.424000Z,2025-05-10T03:43:55.011894Z,2672.0,C41MHPUZ,1036,34,Female,White,United States,United States,United States,English,Yes,Unemployed (and job seeking)
681ec28f9b2d949a7d146375,65c1501098be0f409188762f,RETURNED,Not Applicable,2025-05-10T03:05:56.464000Z,,,2025-05-14T07:37:13.744995Z,,,1945,CONSENT_REVOKED,CONSENT_REVOKED,CONSENT_REVOKED,CONSENT_REVOKED,CONSENT_REVOKED,CONSENT_REVOKED,CONSENT_REVOKED,CONSENT_REVOKED,CONSENT_REVOKED
681ec3cbb93bcbb0b20f1a7b,5e7bc6522b3c381f6e3c1b3f,APPROVED,Not Applicable,2025-05-10T03:11:21.324000Z,2025-05-10T03:33:39.907000Z,2025-05-11T01:16:07.358000Z,2025-05-10T03:33:40.332887Z,1339.0,C41MHPUZ,666,28,Female,Asian,Korea,Canada,Canada,English,No,DATA_EXPIRED
681ec73794c8da8198525e7b,662fb42cc3458e96dee33181,APPROVED,Not Applicable,2025-05-10T03:26:07.656000Z,2025-05-10T03:59:01.295000Z,2025-05-11T01:16:33.278000Z,2025-05-10T03:59:01.807922Z,1974.0,C41MHPUZ,1628,39,Male,White,United States,United States,United States,English,DATA_EXPIRED,DATA_EXPIRED
681ec805e2821a197514909c,67be0bd60d5c8053c07c42bc,APPROVED,Not Applicable,2025-05-10T03:30:33.721000Z,2025-05-10T04:17:27.629000Z,2025-05-11T01:16:44.858000Z,2025-05-10T04:17:28.196275Z,2814.0,C41MHPUZ,80,24,Female,Asian,Sri Lanka,Canada,Sri Lanka,Tamil,Yes,Full-Time
681ecb016e214c4524e1af7a,65577234800b1fea9ae3cf4d,RETURNED,Not Applicable,2025-05-10T03:41:57.951000Z,,,2025-05-14T07:37:13.740107Z,,,3322,CONSENT_REVOKED,CONSENT_REVOKED,CONSENT_REVOKED,CONSENT_REVOKED,CONSENT_REVOKED,CONSENT_REVOKED,CONSENT_REVOKED,CONSENT_REVOKED,CONSENT_REVOKED
681ecba7e1bf0ec361a64829,66f729df50af5520146faa1c,APPROVED,Not Applicable,2025-05-10T03:44:52.514000Z,2025-05-10T04:39:53.023000Z,2025-05-11T01:16:56.298000Z,2025-05-10T04:39:53.516090Z,3301.0,C41MHPUZ,764,50,Male,White,United States,United States,United States,English,No,Full-Time
681ed06bd2bea684a450d9ac,66a2741b8cc4486c4d2032d9,APPROVED,Not Applicable,2025-05-10T04:05:21.544000Z,2025-05-10T05:02:19.949000Z,2025-05-11T01:17:29.177000Z,2025-05-10T05:02:20.660601Z,3419.0,C41MHPUZ,691,28,Female,Black,United Kingdom,United Kingdom,United Kingdom,English,No,Full-Time
682022faf4124a6c07a09c81,6664b8146408ebc8a3d7ea6e,APPROVED,Not Applicable,2025-05-11T04:09:30.652000Z,2025-05-11T04:56:26.689000Z,2025-05-15T02:42:39.266000Z,2025-05-11T04:56:27.226768Z,2817.0,C41MHPUZ,1359,32,Female,White,DATA_EXPIRED,United States,United States,English,DATA_EXPIRED,DATA_EXPIRED
68202301894588b7c58d1414,671e70010b8f04850445045f,RETURNED,Not Applicable,2025-05-11T04:09:47.129000Z,,,2025-05-14T07:37:13.758063Z,,,473,CONSENT_REVOKED,CONSENT_REVOKED,CONSENT_REVOKED,CONSENT_REVOKED,CONSENT_REVOKED,CONSENT_REVOKED,CONSENT_REVOKED,CONSENT_REVOKED,CONSENT_REVOKED
68202301d187d8a0e351aa8e,67001c01bcb0cabf8a7f01e7,APPROVED,Not Applicable,2025-05-11T04:14:55.857000Z,2025-05-11T05:21:31.952000Z,2025-05-14T07:12:55.115000Z,2025-05-11T05:21:32.565514Z,3997.0,C41MHPUZ,281,29,Male,White,United States,United States,United States,English,DATA_EXPIRED,Full-Time
68202301e803da9cec616248,6663609fe93da6d9c6ce0cda,REJECTED,Not Applicable,2025-05-11T04:09:40.514000Z,2025-05-11T04:16:15.339000Z,2025-05-15T01:30:05.200000Z,2025-05-15T03:38:51.988506Z,395.0,NOCODE,18,CONSENT_REVOKED,CONSENT_REVOKED,CONSENT_REVOKED,CONSENT_REVOKED,CONSENT_REVOKED,CONSENT_REVOKED,CONSENT_REVOKED,CONSENT_REVOKED,CONSENT_REVOKED
682023024848c2eb884fe06b,67e0a8458369d92d9789b0b4,RETURNED,Not Applicable,2025-05-11T04:10:18.636000Z,,,2025-05-14T07:37:13.753174Z,,,774,CONSENT_REVOKED,CONSENT_REVOKED,CONSENT_REVOKED,CONSENT_REVOKED,CONSENT_REVOKED,CONSENT_REVOKED,CONSENT_REVOKED,CONSENT_REVOKED,CONSENT_REVOKED
682023029260924bcdd3bc11,614a8c315301f6c3b736a6d3,RETURNED,Not Applicable,2025-05-11T04:09:55.691000Z,,,2025-05-14T07:37:13.744792Z,,,1888,CONSENT_REVOKED,CONSENT_REVOKED,CONSENT_REVOKED,CONSENT_REVOKED,CONSENT_REVOKED,CONSENT_REVOKED,CONSENT_REVOKED,CONSENT_REVOKED,CONSENT_REVOKED
68202302962f4367ba3777b5,67deb8dc47348a9074e0f2f8,RETURNED,Not Applicable,2025-05-11T04:09:43.956000Z,,,2025-05-14T07:37:13.750064Z,,,591,CONSENT_REVOKED,CONSENT_REVOKED,CONSENT_REVOKED,CONSENT_REVOKED,CONSENT_REVOKED,CONSENT_REVOKED,CONSENT_REVOKED,CONSENT_REVOKED,CONSENT_REVOKED
68202303b8de7ddfbdbd5688,674e8d89cc78a200ccd9a84b,TIMED-OUT,Not Applicable,2025-05-11T04:09:47.970000Z,,,2025-05-14T07:37:13.748339Z,271646.0,,667,60,Male,White,United States,United States,United States,English,No,Full-Time
68202303c34414fb600d41f1,678f0bb28ec3307e4f1afb78,APPROVED,Not Applicable,2025-05-11T04:09:43.222000Z,2025-05-11T04:57:37.069000Z,2025-05-14T07:12:43.308000Z,2025-05-11T04:57:37.575820Z,2874.0,C41MHPUZ,1308,55,Male,White,United States,United States,United States,English,No,Unemployed (and job seeking)
68202303ed1fdcba97d07140,5edeea354d54cb1a825aa8f9,RETURNED,Not Applicable,2025-05-11T04:09:48.198000Z,,,2025-05-14T07:37:13.748379Z,,,4847,CONSENT_REVOKED,CONSENT_REVOKED,CONSENT_REVOKED,CONSENT_REVOKED,CONSENT_REVOKED,CONSENT_REVOKED,CONSENT_REVOKED,CONSENT_REVOKED,CONSENT_REVOKED
682023045b78d0f46c62011c,5a5bed3a76d1c60001ab3c4c,RETURNED,Not Applicable,2025-05-11T04:09:56.943000Z,,,2025-05-14T07:37:13.763153Z,,,2273,CONSENT_REVOKED,CONSENT_REVOKED,CONSENT_REVOKED,CONSENT_REVOKED,CONSENT_REVOKED,CONSENT_REVOKED,CONSENT_REVOKED,CONSENT_REVOKED,CONSENT_REVOKED
682023059154d7f0d6edc385,679334a846e22adcedd4cfd0,APPROVED,Not Applicable,2025-05-11T04:15:13.587000Z,2025-05-11T05:34:31.798000Z,2025-05-14T07:13:04.193000Z,2025-05-11T05:34:32.311604Z,4759.0,C41MHPUZ,772,40,Female,White,United States,United States,United States,English,DATA_EXPIRED,Full-Time
682023061e0c6eb89c4b86f9,5c7c1f95e926fc00160b4b45,REJECTED,Not Applicable,2025-05-11T04:09:47.827000Z,2025-05-11T04:22:59.111000Z,2025-05-15T01:30:44.993000Z,2025-05-15T03:38:51.990791Z,792.0,NOCODE,2651,CONSENT_REVOKED,CONSENT_REVOKED,CONSENT_REVOKED,CONSENT_REVOKED,CONSENT_REVOKED,CONSENT_REVOKED,CONSENT_REVOKED,CONSENT_REVOKED,CONSENT_REVOKED
682023068a345eb4a335eb08,664cf2037353bb98801436b5,APPROVED,Not Applicable,2025-05-11T04:09:48.097000Z,2025-05-11T04:56:59.132000Z,2025-05-14T07:12:33.116000Z,2025-05-11T04:56:59.685626Z,2832.0,C41MHPUZ,2423,36,Female,White,United States,United States,United States,English,No,Part-Time
6820232dbac49e302b42793c,66544b06d9f37cea164b6022,RETURNED,Not Applicable,2025-05-11T04:15:46.259000Z,,,2025-05-14T07:37:13.753501Z,,,1548,CONSENT_REVOKED,CONSENT_REVOKED,CONSENT_REVOKED,CONSENT_REVOKED,CONSENT_REVOKED,CONSENT_REVOKED,CONSENT_REVOKED,CONSENT_REVOKED,CONSENT_REVOKED
6820233ca9cff71cbba6b63e,66e0878b8a2624c7a7339c19,AWAITING REVIEW,Not Applicable,2025-05-11T04:10:44.436000Z,2025-05-11T04:40:02.757000Z,,2025-05-11T04:40:03.235908Z,1759.0,C41MHPUZ,1423,34,Female,White,United States,United States,United States,English,Yes,Full-Time
6820252f3dc0d62325b5448f,666e0c9327fd060cb231509e,APPROVED,Not Applicable,2025-05-11T04:19:01.296000Z,2025-05-11T04:36:24.945000Z,2025-05-14T07:12:04.046000Z,2025-05-11T04:36:25.487823Z,1044.0,C41MHPUZ,762,29,Male,White,United States,United States,United States,English,No,Part-Time
6820264031bd0cc1e9aee166,656bb5b282d8f0267db9d167,APPROVED,Not Applicable,2025-05-11T04:25:21.612000Z,2025-05-11T04:39:51.881000Z,2025-05-14T07:12:21.935000Z,2025-05-11T04:39:52.364064Z,871.0,C41MHPUZ,163,29,Male,White,New Zealand,New Zealand,New Zealand,English,No,Full-Time
682026f2e918cde220a66c66,67aae2b5797af1e296927d2a,RETURNED,Not Applicable,2025-05-11T04:26:58.307000Z,,,2025-05-14T07:37:13.762457Z,,,354,CONSENT_REVOKED,CONSENT_REVOKED,CONSENT_REVOKED,CONSENT_REVOKED,CONSENT_REVOKED,CONSENT_REVOKED,CONSENT_REVOKED,CONSENT_REVOKED,CONSENT_REVOKED
682026fd9649ed4c6d4c3322,664e8ac06e80700e05c57ce6,RETURNED,Not Applicable,2025-05-11T04:26:40.864000Z,,,2025-05-14T07:37:13.788177Z,,,430,CONSENT_REVOKED,CONSENT_REVOKED,CONSENT_REVOKED,CONSENT_REVOKED,CONSENT_REVOKED,CONSENT_REVOKED,CONSENT_REVOKED,CONSENT_REVOKED,CONSENT_REVOKED
682027f90b01a542e3aa3506,667f5538544c78eff18e1d85,APPROVED,Not Applicable,2025-05-11T04:35:00.444000Z,2025-05-11T05:40:53.042000Z,2025-05-14T07:13:09.581000Z,2025-05-11T05:40:53.597625Z,3953.0,C41MHPUZ,112,19,Male,Asian,Canada,Canada,Pakistan,English,Yes,Unemployed (and job seeking)
6820322012d750f7665709ca,67ddb06bc7175d8f155fe2bf,RETURNED,Not Applicable,2025-05-11T05:14:20.498000Z,,,2025-05-14T07:37:13.756256Z,,,896,CONSENT_REVOKED,CONSENT_REVOKED,CONSENT_REVOKED,CONSENT_REVOKED,CONSENT_REVOKED,CONSENT_REVOKED,CONSENT_REVOKED,CONSENT_REVOKED,CONSENT_REVOKED
6820328e47441edb144ae897,64135e3d9cd5e3f16290d29c,APPROVED,Not Applicable,2025-05-11T05:16:05.115000Z,2025-05-11T06:21:35.214000Z,2025-05-14T07:16:45.705000Z,2025-05-11T08:55:41.989066Z,3931.0,NOCODE,3200,27,Male,Asian,United States,United States,United States,English,DATA_EXPIRED,DATA_EXPIRED
682032dce3b1a690a39a4929,673378009f99d14c232c1f2b,APPROVED,Not Applicable,2025-05-11T05:17:26.214000Z,2025-05-11T06:01:20.948000Z,2025-05-14T07:13:16.983000Z,2025-05-11T06:01:21.738173Z,2635.0,C41MHPUZ,800,37,Male,Mixed,United States,United States,United States,English,Yes,Full-Time
682035e23ba5906f73df1f59,68165ce1906137b951bbd99d,RETURNED,Not Applicable,2025-05-11T05:30:25.653000Z,,,2025-05-14T07:37:13.757516Z,,,90,CONSENT_REVOKED,CONSENT_REVOKED,CONSENT_REVOKED,CONSENT_REVOKED,CONSENT_REVOKED,CONSENT_REVOKED,CONSENT_REVOKED,CONSENT_REVOKED,CONSENT_REVOKED
682037e9faa7b519c8b95165,66640059232bcc6a15b24803,APPROVED,Not Applicable,2025-05-11T05:40:05.254000Z,2025-05-11T06:07:18.625000Z,2025-05-14T07:13:25.085000Z,2025-05-11T06:07:19.130862Z,1634.0,C41MHPUZ,719,37,Female,Black,Nigeria,United Kingdom,Nigeria,English,No,Full-Time
682038a1371c40e59d490699,669677d986a5a20026bbf20e,RETURNED,Not Applicable,2025-05-11T05:42:18.925000Z,2025-05-11T06:15:18.282000Z,,2025-05-14T07:37:13.760243Z,,NOCODE,817,CONSENT_REVOKED,CONSENT_REVOKED,CONSENT_REVOKED,CONSENT_REVOKED,CONSENT_REVOKED,CONSENT_REVOKED,CONSENT_REVOKED,CONSENT_REVOKED,CONSENT_REVOKED
68203d5cd3e73330b909837c,67d9a082fa92b13312243b68,RETURNED,Not Applicable,2025-05-11T06:02:12.438000Z,,,2025-05-14T07:37:13.760584Z,,,468,CONSENT_REVOKED,CONSENT_REVOKED,CONSENT_REVOKED,CONSENT_REVOKED,CONSENT_REVOKED,CONSENT_REVOKED,CONSENT_REVOKED,CONSENT_REVOKED,CONSENT_REVOKED
68203d5d94239097e643a7ec,67ef17aab6360e90f6d47c67,APPROVED,Not Applicable,2025-05-11T06:02:26.609000Z,2025-05-11T06:44:07.249000Z,2025-05-14T07:14:07.655000Z,2025-05-11T06:44:07.767773Z,2501.0,C41MHPUZ,214,50,Female,White,United States,United States,United States,English,Yes,Part-Time
68203d60122ff2152da798f2,67439be8ee2236a7c078d523,RETURNED,Not Applicable,2025-05-11T06:02:18.434000Z,,,2025-05-14T07:37:13.766240Z,,,1196,CONSENT_REVOKED,CONSENT_REVOKED,CONSENT_REVOKED,CONSENT_REVOKED,CONSENT_REVOKED,CONSENT_REVOKED,CONSENT_REVOKED,CONSENT_REVOKED,CONSENT_REVOKED
68203d603878c02556c08b57,6557da88346b2b209cd16bb5,RETURNED,Not Applicable,2025-05-11T06:03:15.536000Z,,,2025-05-14T07:37:13.765026Z,,,692,CONSENT_REVOKED,CONSENT_REVOKED,CONSENT_REVOKED,CONSENT_REVOKED,CONSENT_REVOKED,CONSENT_REVOKED,CONSENT_REVOKED,CONSENT_REVOKED,CONSENT_REVOKED
68203d6079489a21c044a9ef,6746c680672c3ab45f25efb7,RETURNED,Not Applicable,2025-05-11T06:02:25.767000Z,,,2025-05-14T07:37:13.765017Z,,,936,CONSENT_REVOKED,CONSENT_REVOKED,CONSENT_REVOKED,CONSENT_REVOKED,CONSENT_REVOKED,CONSENT_REVOKED,CONSENT_REVOKED,CONSENT_REVOKED,CONSENT_REVOKED
68203d6190aa44fb608fe554,66eb1a41306925cf993d6490,APPROVED,Not Applicable,2025-05-11T06:02:13.997000Z,2025-05-11T06:39:35.603000Z,2025-05-14T07:14:01.463000Z,2025-05-11T06:39:36.070134Z,2242.0,C41MHPUZ,1556,36,Male,White,United States,United States,United States,English,No,Unemployed (and job seeking)
68203d621fde5fd8e00d2ed0,5641c95d17bdbe00102a0b51,APPROVED,Not Applicable,2025-05-11T06:02:15.844000Z,2025-05-11T06:25:08.306000Z,2025-05-14T07:13:32.478000Z,2025-05-11T06:25:08.767117Z,1373.0,C41MHPUZ,2331,60,Female,White,United States,United Kingdom,United Kingdom,English,DATA_EXPIRED,DATA_EXPIRED
68203d6280cc382ffbde37b0,66c62c2a76d4919685cd6767,RETURNED,Not Applicable,2025-05-11T06:02:23.235000Z,,,2025-05-14T07:37:13.768957Z,,,514,CONSENT_REVOKED,CONSENT_REVOKED,CONSENT_REVOKED,CONSENT_REVOKED,CONSENT_REVOKED,CONSENT_REVOKED,CONSENT_REVOKED,CONSENT_REVOKED,CONSENT_REVOKED
68203d63798dbbefd0d5fd3f,666b41c237449e08d8cbdd0e,RETURNED,Not Applicable,2025-05-11T06:12:11.552000Z,,,2025-05-14T07:37:13.779470Z,,,313,CONSENT_REVOKED,CONSENT_REVOKED,CONSENT_REVOKED,CONSENT_REVOKED,CONSENT_REVOKED,CONSENT_REVOKED,CONSENT_REVOKED,CONSENT_REVOKED,CONSENT_REVOKED
68203d63a3a414a2d0e3f1dc,67f15c3a8fc8c9e4819d340d,APPROVED,Not Applicable,2025-05-11T06:02:34.122000Z,2025-05-11T06:51:58.165000Z,2025-05-14T07:14:23.999000Z,2025-05-11T06:51:58.712045Z,2965.0,C41MHPUZ,776,83,Female,White,United States,United States,United States,English,No,DATA_EXPIRED
68203d72fef770e80844c837,65fae5364f7c7bd6c75658b6,APPROVED,Not Applicable,2025-05-11T06:04:27.628000Z,2025-05-11T06:53:39.776000Z,2025-05-14T07:14:30.429000Z,2025-05-11T06:53:40.312198Z,2953.0,C41MHPUZ,1220,54,Female,White,United States,United States,United States,Armenian,No,Full-Time
68203d9fe6c50a36dda369c1,67d9a487e967274dc7a45d49,APPROVED,Not Applicable,2025-05-11T06:03:33.077000Z,2025-05-11T06:35:12.341000Z,2025-05-14T07:13:46.034000Z,2025-05-11T06:35:12.826827Z,1900.0,C41MHPUZ,114,56,Male,White,United Kingdom,United Kingdom,United Kingdom,English,No,Part-Time
68203db5b5d813772f573622,67e9c0ac4df4f1277c9a299b,APPROVED,Not Applicable,2025-05-11T06:03:38.677000Z,2025-05-11T06:39:19.687000Z,2025-05-14T07:13:54.768000Z,2025-05-11T06:39:20.209105Z,2142.0,C41MHPUZ,264,53,Female,Asian,Philippines,United States,United States,Tagalog-Filipino,No,"Not in paid work (e.g. homemaker', 'retired or disabled)"
68203dbe0f494db4c83057a6,667a5ff51c51c00cc8fa401b,APPROVED,Not Applicable,2025-05-11T06:03:50.408000Z,2025-05-11T06:58:01.729000Z,2025-05-14T07:14:49.193000Z,2025-05-11T06:58:02.223004Z,3252.0,C41MHPUZ,313,28,Female,Black,South Africa,United States,United States,English,No,Full-Time
682041e284e7c94c175b1164,67a60aab3179b5e743db2a2b,RETURNED,Not Applicable,2025-05-11T06:21:31.121000Z,,,2025-05-14T07:37:13.771480Z,,,760,CONSENT_REVOKED,CONSENT_REVOKED,CONSENT_REVOKED,CONSENT_REVOKED,CONSENT_REVOKED,CONSENT_REVOKED,CONSENT_REVOKED,CONSENT_REVOKED,CONSENT_REVOKED
6820446f34ca32dbbbd6133f,67f2a908ade3b552f3fbfbcc,RETURNED,Not Applicable,2025-05-11T06:33:12.030000Z,2025-05-11T06:38:58.730000Z,,2025-05-14T07:37:13.773681Z,,NOCODE,713,CONSENT_REVOKED,CONSENT_REVOKED,CONSENT_REVOKED,CONSENT_REVOKED,CONSENT_REVOKED,CONSENT_REVOKED,CONSENT_REVOKED,CONSENT_REVOKED,CONSENT_REVOKED
682047441e1fad76bb831cf9,5c4f5967aac8be0001716a65,APPROVED,Not Applicable,2025-05-11T06:44:21.392000Z,2025-05-11T07:18:01.082000Z,2025-05-14T07:14:55.321000Z,2025-05-11T07:18:01.676809Z,2020.0,C41MHPUZ,5692,33,Male,White,Ireland,United Kingdom,Ireland,English,Yes,Full-Time
682047b062946d17331a0f3d,67ac98d2c881af57eb8cf930,RETURNED,Not Applicable,2025-05-11T06:46:22.473000Z,,,2025-05-14T07:37:13.799751Z,,,650,CONSENT_REVOKED,CONSENT_REVOKED,CONSENT_REVOKED,CONSENT_REVOKED,CONSENT_REVOKED,CONSENT_REVOKED,CONSENT_REVOKED,CONSENT_REVOKED,CONSENT_REVOKED
68204b7bc027e56d79dd0cf3,6507b0bf6c158dca2bfde795,RETURNED,Not Applicable,2025-05-11T07:02:22.917000Z,,,2025-05-14T07:37:13.774228Z,,,722,CONSENT_REVOKED,CONSENT_REVOKED,CONSENT_REVOKED,CONSENT_REVOKED,CONSENT_REVOKED,CONSENT_REVOKED,CONSENT_REVOKED,CONSENT_REVOKED,CONSENT_REVOKED
68204f2bf7e06ea1070e3b1f,5ff454f2f0b5ed607169fba6,RETURNED,Not Applicable,2025-05-11T07:18:10.034000Z,,,2025-05-14T07:37:13.800918Z,,,149,CONSENT_REVOKED,CONSENT_REVOKED,CONSENT_REVOKED,CONSENT_REVOKED,CONSENT_REVOKED,CONSENT_REVOKED,CONSENT_REVOKED,CONSENT_REVOKED,CONSENT_REVOKED
68204f40acb7529b16557fe8,67e5cefeefd6e23bf7fef2ff,RETURNED,Not Applicable,2025-05-11T07:18:29.552000Z,,,2025-05-14T07:37:13.777171Z,,,198,CONSENT_REVOKED,CONSENT_REVOKED,CONSENT_REVOKED,CONSENT_REVOKED,CONSENT_REVOKED,CONSENT_REVOKED,CONSENT_REVOKED,CONSENT_REVOKED,CONSENT_REVOKED
68204f419669fa2209b81741,64c9892e8e7e06812b775c0c,RETURNED,Not Applicable,2025-05-11T07:29:00.066000Z,,,2025-05-14T07:37:13.777965Z,,,1097,CONSENT_REVOKED,CONSENT_REVOKED,CONSENT_REVOKED,CONSENT_REVOKED,CONSENT_REVOKED,CONSENT_REVOKED,CONSENT_REVOKED,CONSENT_REVOKED,CONSENT_REVOKED
68204f421542b8300c6d6b0f,67c63afd19ef46deb942f263,RETURNED,Not Applicable,2025-05-11T07:18:36.181000Z,,,2025-05-14T07:37:13.791089Z,,,610,CONSENT_REVOKED,CONSENT_REVOKED,CONSENT_REVOKED,CONSENT_REVOKED,CONSENT_REVOKED,CONSENT_REVOKED,CONSENT_REVOKED,CONSENT_REVOKED,CONSENT_REVOKED
68204f4337fde427334180f1,5c309bb410677f0001dda0ed,RETURNED,Not Applicable,2025-05-11T07:20:07.117000Z,,,2025-05-14T07:37:13.784325Z,,,2912,CONSENT_REVOKED,CONSENT_REVOKED,CONSENT_REVOKED,CONSENT_REVOKED,CONSENT_REVOKED,CONSENT_REVOKED,CONSENT_REVOKED,CONSENT_REVOKED,CONSENT_REVOKED
68204f433e8efa0de602f039,67a796cd3ddc2ecc4a26fa35,APPROVED,Not Applicable,2025-05-11T07:18:36.139000Z,2025-05-11T07:43:42.965000Z,2025-05-14T07:15:05.918000Z,2025-05-11T07:43:43.504316Z,1507.0,C41MHPUZ,412,36,Female,White,United States,United States,United States,English,No,Full-Time
68204f44d55913ffc6afe7f9,67aa0efbb319e17ec7db42bc,RETURNED,Not Applicable,2025-05-11T07:24:37.548000Z,,,2025-05-14T07:37:13.787042Z,,,812,CONSENT_REVOKED,CONSENT_REVOKED,CONSENT_REVOKED,CONSENT_REVOKED,CONSENT_REVOKED,CONSENT_REVOKED,CONSENT_REVOKED,CONSENT_REVOKED,CONSENT_REVOKED
68204f44dda0e501add19198,66796fff044cd41d6266d15f,APPROVED,Not Applicable,2025-05-11T07:18:50.265000Z,2025-05-11T08:22:55.201000Z,2025-05-14T07:16:23.912000Z,2025-05-11T08:22:55.684158Z,3845.0,C41MHPUZ,191,33,Male,Black,Zimbabwe,United Kingdom,United Kingdom,English,Yes,Full-Time
68204f455a90bd7e34b35138,67599ff233234e646e9fe3ca,APPROVED,Not Applicable,2025-05-11T07:18:45.596000Z,2025-05-11T07:37:53.408000Z,2025-05-14T07:15:00.390000Z,2025-05-11T07:37:53.953910Z,1148.0,C41MHPUZ,385,39,Female,White,United Kingdom,United Kingdom,United Kingdom,English,No,"Not in paid work (e.g. homemaker', 'retired or disabled)"
68204f46e6c50a36dda36a30,6465cd750298e0714b6391cf,RETURNED,Not Applicable,2025-05-11T07:19:47.569000Z,,,2025-05-14T07:37:13.788002Z,,,1570,CONSENT_REVOKED,CONSENT_REVOKED,CONSENT_REVOKED,CONSENT_REVOKED,CONSENT_REVOKED,CONSENT_REVOKED,CONSENT_REVOKED,CONSENT_REVOKED,CONSENT_REVOKED
68204f499163bdb54f1649f5,659bff220187bfca6786a1ec,RETURNED,Not Applicable,2025-05-11T07:19:45.202000Z,,,2025-05-14T07:37:13.787327Z,,,60,CONSENT_REVOKED,CONSENT_REVOKED,CONSENT_REVOKED,CONSENT_REVOKED,CONSENT_REVOKED,CONSENT_REVOKED,CONSENT_REVOKED,CONSENT_REVOKED,CONSENT_REVOKED
68204fbc46236797e68c031c,57ea425e5b88f5000106bb9f,RETURNED,Not Applicable,2025-05-11T07:21:13.533000Z,,,2025-05-14T07:37:13.801543Z,,,3838,CONSENT_REVOKED,CONSENT_REVOKED,CONSENT_REVOKED,CONSENT_REVOKED,CONSENT_REVOKED,CONSENT_REVOKED,CONSENT_REVOKED,CONSENT_REVOKED,CONSENT_REVOKED
68204ffb59b22c1009b95bdd,5e9ffa9ee172201b04f1a4c6,APPROVED,Not Applicable,2025-05-11T07:21:50.533000Z,2025-05-11T08:12:45.106000Z,2025-05-14T07:15:30.479000Z,2025-05-11T08:12:45.638762Z,3055.0,C41MHPUZ,2753,44,Female,White,United Kingdom,United Kingdom,United Kingdom,English,DATA_EXPIRED,DATA_EXPIRED
682051c0c34414fb600d4306,5c4f5967aac8be0001716a65,APPROVED,Not Applicable,2025-05-11T07:29:05.826000Z,2025-05-11T07:45:47.386000Z,2025-05-14T07:15:12.481000Z,2025-05-11T12:47:46.217413Z,1002.0,C41MHPUZ,5697,33,Male,White,Ireland,United Kingdom,Ireland,English,Yes,Full-Time
68205251c7bffc6dac50e21e,67d87d08f170d59db1fe797d,REJECTED,Not Applicable,2025-05-11T07:31:38.487000Z,2025-05-11T08:44:10.894000Z,2025-05-15T02:46:43.494000Z,2025-05-15T03:38:51.992698Z,4353.0,"🧠 Starting an agent with main_model=anonymized, planner_model=anonymized, extraction_model=anonymized 🚀 Starting task: Go to chess.com, navigate to the rankings section, and list the top 10 ranked chess players from India.&quot; 📍 Step 1 🤷 Eval: Unknown - I'm starting with a blank page and need to begin the task 🧠 Memory: I need to visit chess.com, find the rankings section, and list the top 10 ranked chess players from India. This is step 1/15. 🎯 Next goal: Navigate to chess.com website 🛠️  Action 1/1: {&quot;go_to_url&quot;:{&quot;url&quot;:&quot;https://www.chess.com&quot;}} 🔗  Navigated to https://www.chess.com 📍 Step 2 👍 Eval: Success - I've successfully reached the Chess.com homepage, but there's a browser update popup that needs to be dismissed first 🧠 Memory: I need to visit chess.com, find the rankings section, and list the top 10 ranked chess players from India. I've navigated to chess.com but now need to dismiss a browser update popup before I can continue. This is step 2/15. 🎯 Next goal: Dismiss the browser update popup by clicking on Chrome 🛠️  Action 1/1: {} 📍 Step 3 Failed to parse model output:  with Expecting value: line 1 column 1 (char 0), could not extract JSON. Failed to parse model output: content='' additional_kwargs={'refusal': None} response_metadata={'token_usage': {'completion_tokens': 205, 'prompt_tokens': 5422, 'total_tokens': 5627, 'completion_tokens_details': None, 'prompt_tokens_details': None}, 'model_name': 'anonymized model', 'system_fingerprint': None, 'id': 'gen-1746952294-jjVeYyq2csncJUoM8ft0', 'finish_reason': 'stop', 'logprobs': None} id='run-2e440ec1-1656-40c4-a135-a6b28defe887-0' usage_metadata={'input_tokens': 5422, 'output_tokens': 205, 'total_tokens': 5627, 'input_token_details': {}, 'output_token_details': {}} with error Could not parse response., try again. ❌ Result failed 1/3 times:  Could not parse response. 📍 Step 3 👍 Eval: Success - I've successfully navigated to Chess.com, but there's a browser update popup that needs to be dismissed first before I can access the site content 🧠 Memory: I need to visit chess.com, find the rankings section, and list the top 10 ranked chess players from India. I've navigated to chess.com but need to dismiss the browser update popup. This is step 4/15. 🎯 Next goal: Dismiss the browser update popup by clicking on Chrome 🛠️  Action 1/1: {&quot;click_element_by_index&quot;:{&quot;index&quot;:0}} 🖱️  Clicked button with index 0:  📍 Step 4 Failed to parse model output:  with Expecting value: line 1 column 1 (char 0), could not extract JSON. Failed to parse model output: content='' additional_kwargs={'refusal': None} response_metadata={'token_usage': {'completion_tokens': 289, 'prompt_tokens': 5721, 'total_tokens': 6010, 'completion_tokens_details': None, 'prompt_tokens_details': None}, 'model_name': 'anonymized model', 'system_fingerprint': None, 'id': 'gen-1746952312-OnXm7vEB0iqWrBY6IE69', 'finish_reason': 'stop', 'logprobs': None} id='run-816dac9c-2d23-4b9d-b3de-9bc3fd7765d8-0' usage_metadata={'input_tokens': 5721, 'output_tokens': 289, 'total_tokens': 6010, 'input_token_details': {}, 'output_token_details': {}} with error Could not parse response., try again. ❌ Result failed 1/3 times:  Could not parse response. 📍 Step 4 👍 Eval: Success - I've navigated to Chess.com, but there's a browser update popup that needs to be dismissed before I can access the site content 🧠 Memory: I need to visit chess.com, find the rankings section, and list the top 10 ranked chess players from India. I've navigated to chess.com and now need to dismiss the browser update popup by clicking on Chrome. I'll need to navigate to rankings after this. This is step 6/15. 🎯 Next goal: Dismiss the browser update popup by clicking on the Chrome option 🛠️  Action 1/1: {&quot;click_element_by_index&quot;:{&quot;index&quot;:2}} 🖱️  Clicked button with index 2:  📍 Step 5 Failed to parse model output:  with Expecting value: line 1 column 1 (char 0), could not extract JSON. Failed to parse model output: content='' additional_kwargs={'refusal': None} response_metadata={'token_usage': {'completion_tokens': 324, 'prompt_tokens': 6037, 'total_tokens': 6361, 'completion_tokens_details': None, 'prompt_tokens_details': None}, 'model_name': 'anonymized model', 'system_fingerprint': None, 'id': 'gen-1746952344-iNgIjmt0kiqt46TSVqCZ', 'finish_reason': 'stop', 'logprobs': None} id='run-d6fec269-33df-49bb-b675-49c667357a6d-0' usage_metadata={'input_tokens': 6037, 'output_tokens': 324, 'total_tokens': 6361, 'input_token_details': {}, 'output_token_details': {}} with error Could not parse response., try again. ❌ Result failed 1/3 times:  Could not parse response. 📍 Step 5 👍 Eval: Success - I've navigated to Chess.com, but there's a browser update popup that needs to be dismissed before I can access the site content 🧠 Memory: I need to visit chess.com, find the rankings section, and list the top 10 ranked chess players from India. I'm currently on chess.com but there's a browser update popup I need to dismiss. I'll click on Chrome to continue. I have 3 tabs open and I'm on step 8/15. 🎯 Next goal: Dismiss the browser update popup by clicking on Chrome 🛠️  Action 1/1: {&quot;click_element_by_index&quot;:{&quot;index&quot;:2}} 🖱️  Clicked button with index 2:  📍 Step 6 Failed to parse model output:  with Expecting value: line 1 column 1 (char 0), could not extract JSON. Failed to parse model output: content='' additional_kwargs={'refusal': None} response_metadata={'token_usage': {'completion_tokens': 357, 'prompt_tokens': 6355, 'total_tokens': 6712, 'completion_tokens_details': None, 'prompt_tokens_details': None}, 'model_name': 'anonymized model', 'system_fingerprint': None, 'id': 'gen-1746952370-8SD2gtX9n2uLvuRhCsqC', 'finish_reason': 'stop', 'logprobs': None} id='run-ee1a0776-9df5-455c-b91f-b3cac3bb9cb8-0' usage_metadata={'input_tokens': 6355, 'output_tokens': 357, 'total_tokens': 6712, 'input_token_details': {}, 'output_token_details': {}} with error Could not parse response., try again. ❌ Result failed 1/3 times:  Could not parse response. 📍 Step 6 Failed to parse model output:  with Expecting value: line 1 column 1 (char 0), could not extract JSON. Failed to parse model output: content='' additional_kwargs={'refusal': None} response_metadata={'token_usage': {'completion_tokens': 275, 'prompt_tokens': 6369, 'total_tokens': 6644, 'completion_tokens_details': None, 'prompt_tokens_details': None}, 'model_name': 'anonymized model', 'system_fingerprint': None, 'id': 'gen-1746952390-HKCYCfVbBCi2SpTmxiTl', 'finish_reason': 'stop', 'logprobs': None} id='run-1535f4f8-c3fd-40b0-8853-90bb1cb05f36-0' usage_metadata={'input_tokens': 6369, 'output_tokens': 275, 'total_tokens': 6644, 'input_token_details': {}, 'output_token_details': {}} with error Could not parse response., try again. ❌ Result failed 2/3 times:  Could not parse response. 📍 Step 6 👍 Eval: Success - I've navigated to Chess.com, but there's a browser update popup that needs to be dismissed before I can access the site content 🧠 Memory: I need to visit chess.com, find the rankings section, and list the top 10 ranked chess players from India. I've navigated to chess.com and I'm seeing a browser update popup. I need to dismiss this by clicking on one of the browser options. I've attempted this several times without success. The popup shows Chrome, Firefox, and Edge options. I'll try clicking the Chrome image itself (index 2). This is step 11/15. 🎯 Next goal: Dismiss the browser update popup by clicking on the Chrome image 🛠️  Action 1/1: {&quot;click_element_by_index&quot;:{&quot;index&quot;:2}} 🖱️  Clicked button with index 2:  📍 Step 7 👍 Eval: Success - I tried clicking on element index 2 (Chrome image), but I still see the browser update popup on Chess.com. I now need to try clicking the proper link to dismiss this popup. 🧠 Memory: I need to visit chess.com, find the rankings section, and list the top 10 ranked chess players from India. I've navigated to chess.com but I'm still seeing the browser update popup. Looking at the available elements, I can see the proper clickable links for the browsers have indexes 0, 4, and 8. I'll try clicking on the Chrome link (index 0) to dismiss this popup. I'm on step 12/15. 🎯 Next goal: Dismiss the browser update popup by clicking on the Chrome link 🛠️  Action 1/1: {&quot;click_element_by_index&quot;:{&quot;index&quot;:0}} 🖱️  Clicked button with index 0:  📍 Step 8 Failed to parse model output:  with Expecting value: line 1 column 1 (char 0), could not extract JSON. Failed to parse model output: content='' additional_kwargs={'refusal': None} response_metadata={'token_usage': {'completion_tokens': 632, 'prompt_tokens': 7064, 'total_tokens': 7696, 'completion_tokens_details': None, 'prompt_tokens_details': None}, 'model_name': 'anonymized model', 'system_fingerprint': None, 'id': 'gen-1746952427-BElRebU27VsIjR7bRGvZ', 'finish_reason': 'stop', 'logprobs': None} id='run-8b5f5454-ad94-4439-8aa6-54400bb38d37-0' usage_metadata={'input_tokens': 7064, 'output_tokens': 632, 'total_tokens': 7696, 'input_token_details': {}, 'output_token_details': {}} with error Could not parse response., try again. ❌ Result failed 1/3 times:  Could not parse response. 📍 Step 8 👍 Eval: Success - I've successfully navigated to Chess.com, but I still need to dismiss the browser update popup before I can access the site content 🧠 Memory: I need to visit chess.com, find the rankings section, and list the top 10 ranked chess players from India. I've navigated to chess.com but I'm still facing a browser update popup. I previously tried clicking on elements 0 and 2 without success. Looking at the popup more carefully, I can see the Chrome option with index 2 in the image. I need to dismiss this popup to continue. I have multiple Chrome tabs open (tabs 1-5) from my previous attempts. I'm on step 14/15. 🎯 Next goal: Dismiss the browser update popup by clicking on the Chrome image element 🛠️  Action 1/1: {&quot;click_element_by_index&quot;:{&quot;index&quot;:2}} 🖱️  Clicked button with index 2:  📍 Step 9 Last step finishing up 👍 Eval: Success - I was able to click on the Chrome image button, but I'm still seeing the browser update popup on Chess.com 🧠 Memory: I've been trying to navigate to chess.com and access the rankings section to list the top 10 Indian chess players. However, I've been stuck on a browser update popup that asks me to select a browser (Chrome, Firefox, or Edge). I've made multiple attempts to dismiss this popup by clicking on various elements, but it persists. I've opened several Chrome tabs in the process (tabs 1-6) but haven't been able to access the main Chess.com content to complete the task. I'm on my final step 15/15. 🎯 Next goal: Report that I wasn't able to complete the task due to persistent browser popup 🛠️  Action 1/1: {&quot;done&quot;:{&quot;text&quot;:&quot;I was not able to complete the task of listing the top 10 ranked chess players from India. I successfully navigated to Chess.com but encountered a persistent browser update popup that I couldn't dismiss despite multiple attempts. The popup requests selecting a browser (Chrome, Firefox, or Edge) to continue. If I had been able to dismiss this popup, I would have looked for a 'Rankings' or 'Leaderboard' section on the Chess.com website, filtered for Indian players, and extracted the top 10 names from the results.&quot;,&quot;success&quot;:false}} 📄 Result: I was not able to complete the task of listing the top 10 ranked chess players from India. I successfully navigated to Chess.com but encountered a persistent browser update popup that I couldn't dismiss despite multiple attempts. The popup requests selecting a browser (Chrome, Firefox, or Edge) to continue. If I had been able to dismiss this popup, I would have looked for a 'Rankings' or 'Leaderboard' section on the Chess.com website, filtered for Indian players, and extracted the top 10 names from the results. ✅ Task completed ❌ Unfinished 🧠 Starting an agent with main_model=anonymized, planner_model=anonymized, extraction_model=anonymized 🚀 Starting task: Go to chess.com, navigate to the rankings section, and list the top 10 ranked chess players from India.&quot; 📍 Step 1 🤷 Eval: Unknown - I'm starting the task on a blank page with no previous actions. 🧠 Memory: I need to go to chess.com, navigate to the rankings section, and list the top 10 ranked chess players from India. I'm at step 1 of the process. 🎯 Next goal: Navigate to chess.com 🛠️  Action 1/1: {&quot;go_to_url&quot;:{&quot;url&quot;:&quot;https://www.chess.com&quot;}} 🔗  Navigated to https://www.chess.com 📍 Step 2 👍 Eval: Success - I have successfully navigated to chess.com and now need to dismiss the browser update popup to proceed with the task. 🧠 Memory: I have navigated to chess.com and am now facing a browser update dialog that needs to be closed. I need to navigate to the rankings section after this and find the top 10 ranked chess players from India. I'm at step 2 of the process. 🎯 Next goal: Dismiss the browser update dialog by clicking on Chrome 🛠️  Action 1/1: {&quot;click_element_by_index&quot;:{&quot;index&quot;:2}} 🖱️  Clicked button with index 2:  📍 Step 3 Failed to parse model output:  with Expecting value: line 1 column 1 (char 0), could not extract JSON. Failed to parse model output: content='' additional_kwargs={'refusal': None} response_metadata={'token_usage': {'completion_tokens': 302, 'prompt_tokens': 5508, 'total_tokens': 5810, 'completion_tokens_details': None, 'prompt_tokens_details': None}, 'model_name': 'anonymized model', 'system_fingerprint': None, 'id': 'gen-1746952726-8aadx32zIGh5Iu1YG2eN', 'finish_reason': 'stop', 'logprobs': None} id='run-cd7a1ee5-202b-41ab-b37f-54bd236fa178-0' usage_metadata={'input_tokens': 5508, 'output_tokens': 302, 'total_tokens': 5810, 'input_token_details': {}, 'output_token_details': {}} with error Could not parse response., try again. ❌ Result failed 1/3 times:  Could not parse response. 📍 Step 3 Failed to parse model output:  with Expecting value: line 1 column 1 (char 0), could not extract JSON. Failed to parse model output: content='' additional_kwargs={'refusal': None} response_metadata={'token_usage': {'completion_tokens': 316, 'prompt_tokens': 5522, 'total_tokens': 5838, 'completion_tokens_details': None, 'prompt_tokens_details': None}, 'model_name': 'anonymized model', 'system_fingerprint': None, 'id': 'gen-1746952735-gKdYZrccb12ZGM8cjRFW', 'finish_reason': 'stop', 'logprobs': None} id='run-77e7546d-1fd4-4c75-a85b-b5e0057eedee-0' usage_metadata={'input_tokens': 5522, 'output_tokens': 316, 'total_tokens': 5838, 'input_token_details': {}, 'output_token_details': {}} with error Could not parse response., try again. ❌ Result failed 2/3 times:  Could not parse response. 📍 Step 3 👍 Eval: Success - I navigated to chess.com, but there is a browser update dialog showing that I need to dismiss first before I can access the site features. 🧠 Memory: I'm at Chess.com and need to dismiss the browser update dialog to proceed with finding the top 10 ranked chess players from India. I see options for Chrome, Firefox, and Edge. I need to choose one to proceed. I'm at step 1 of my task: 1) Navigate to chess.com (done), 2) Dismiss browser dialog, 3) Find rankings section, 4) View Indian players rankings, 5) Extract top 10 players. 🎯 Next goal: Dismiss the browser update dialog by clicking on Chrome 🛠️  Action 1/1: {&quot;click_element_by_index&quot;:{&quot;index&quot;:0}} 🖱️  Clicked button with index 0:  📍 Step 4 ⚠ Eval: Failed - My previous attempt to dismiss the browser update dialog didn't work correctly. I can see the dialog is still present with options for Chrome, Firefox, and Edge browsers. 🧠 Memory: I've navigated to chess.com but need to dismiss the browser update dialog first before I can access the site features. Previous attempts to click elements weren't successful. I can see Chrome (index 2), Firefox (index 7), and Edge (index 11) options. I need to dismiss this dialog, then navigate to rankings section to find top 10 Indian chess players. I'm at step 2 of my task. 🎯 Next goal: Dismiss the browser update dialog by clicking the Chrome option 🛠️  Action 1/1: {&quot;click_element_by_index&quot;:{&quot;index&quot;:2}} 🖱️  Clicked button with index 2:  📍 Step 5 Failed to parse model output:  with Expecting value: line 1 column 1 (char 0), could not extract JSON. Failed to parse model output: content='' additional_kwargs={'refusal': None} response_metadata={'token_usage': {'completion_tokens': 431, 'prompt_tokens': 6204, 'total_tokens': 6635, 'completion_tokens_details': None, 'prompt_tokens_details': None}, 'model_name': 'anonymized model', 'system_fingerprint': None, 'id': 'gen-1746952780-dO8zLhRdmXkLQ6iwMGNy', 'finish_reason': 'stop', 'logprobs': None} id='run-e9efdfe8-4f04-495d-bce4-a125610165bb-0' usage_metadata={'input_tokens': 6204, 'output_tokens': 431, 'total_tokens': 6635, 'input_token_details': {}, 'output_token_details': {}} with error Could not parse response., try again. ❌ Result failed 1/3 times:  Could not parse response. 📍 Step 5 ⚠ Eval: Failed - I'm still seeing the browser update dialog after multiple attempts to click on different elements. I need to try a different approach. 🧠 Memory: I've navigated to chess.com and am stuck at a browser update dialog. I've tried clicking various elements but still need to dismiss this dialog before I can access the site features. Based on the image, I can see Chrome (index 2/3), Firefox (index 6/7), and Edge (index 10/11) options. I need to dismiss this dialog, then navigate to rankings section to find top 10 Indian chess players. I'm on step 2 of the task at 8/15 steps total. 🎯 Next goal: Dismiss the browser update dialog by clicking on the Chrome option using the correct element index 🛠️  Action 1/1: {&quot;click_element_by_index&quot;:{&quot;index&quot;:3}} 🖱️  Clicked button with index 3: Chrome 📍 Step 6 🧠 Starting an agent with main_model=anonymized, planner_model=anonymized, extraction_model=anonymized 🧠 Starting an agent with main_model=anonymized, planner_model=anonymized, extraction_model=anonymized 🚀 Starting task: Go to chess.com, navigate to the rankings section, and list the top 10 ranked chess players from India.&quot; 🚀 Starting task: Go to chess.com, navigate to the rankings section, and list the top 10 ranked chess players from India.&quot; 📍 Step 1 📍 Step 1 Failed to parse model output:  with Expecting value: line 1 column 1 (char 0), could not extract JSON. Failed to parse model output:  with Expecting value: line 1 column 1 (char 0), could not extract JSON. Failed to parse model output: content='' additional_kwargs={'refusal': None} response_metadata={'token_usage': {'completion_tokens': 261, 'prompt_tokens': 6570, 'total_tokens': 6831, 'completion_tokens_details': None, 'prompt_tokens_details': None}, 'model_name': 'anonymized model', 'system_fingerprint': None, 'id': 'gen-1746952815-9o7UGEY8ORfroldNVQED', 'finish_reason': 'stop', 'logprobs': None} id='run-5274815e-b57a-467c-a08b-c3a259a99005-0' usage_metadata={'input_tokens': 6570, 'output_tokens': 261, 'total_tokens': 6831, 'input_token_details': {}, 'output_token_details': {}} with error Could not parse response., try again. Failed to parse model output: content='' additional_kwargs={'refusal': None} response_metadata={'token_usage': {'completion_tokens': 261, 'prompt_tokens': 6570, 'total_tokens': 6831, 'completion_tokens_details': None, 'prompt_tokens_details': None}, 'model_name': 'anonymized model', 'system_fingerprint': None, 'id': 'gen-1746952815-9o7UGEY8ORfroldNVQED', 'finish_reason': 'stop', 'logprobs': None} id='run-5274815e-b57a-467c-a08b-c3a259a99005-0' usage_metadata={'input_tokens': 6570, 'output_tokens': 261, 'total_tokens': 6831, 'input_token_details': {}, 'output_token_details': {}} with error Could not parse response., try again. ❌ Result failed 1/3 times:  Could not parse response. ❌ Result failed 1/3 times:  Could not parse response. 📍 Step 6 📍 Step 6 🤷 Eval: Unknown - I am starting the task from a blank page. 🤷 Eval: Unknown - I am starting the task from a blank page. 🧠 Memory: I am starting a new task to find the top 10 ranked chess players from India on chess.com. Currently at step 1/15 with a blank page. 🧠 Memory: I am starting a new task to find the top 10 ranked chess players from India on chess.com. Currently at step 1/15 with a blank page. 🎯 Next goal: Navigate to chess.com website 🎯 Next goal: Navigate to chess.com website 🛠️  Action 1/1: {&quot;go_to_url&quot;:{&quot;url&quot;:&quot;https://www.chess.com&quot;}} 🛠️  Action 1/1: {&quot;go_to_url&quot;:{&quot;url&quot;:&quot;https://www.chess.com&quot;}} 🔗  Navigated to https://www.chess.com 🔗  Navigated to https://www.chess.com 📍 Step 2 📍 Step 2 👍 Eval: Success - I have navigated to chess.com, but there's a browser update popup appearing on the screen that I need to handle first. 👍 Eval: Success - I have navigated to chess.com, but there's a browser update popup appearing on the screen that I need to handle first. 🧠 Memory: I am on chess.com and need to find the rankings section to list the top 10 Indian chess players. I first need to dismiss the browser update notification. Currently at step 2/15. 🧠 Memory: I am on chess.com and need to find the rankings section to list the top 10 Indian chess players. I first need to dismiss the browser update notification. Currently at step 2/15. 🎯 Next goal: Close the browser update notification by clicking on Chrome option 🎯 Next goal: Close the browser update notification by clicking on Chrome option 🛠️  Action 1/1: {} 🛠️  Action 1/1: {} 📍 Step 3 📍 Step 3 ⚠ Eval: Failed - The browser update dialog is still showing after multiple attempts to click on the browser options. I notice that clicking on browser options has opened new tabs rather than dismissing the dialog. ⚠ Eval: Failed - The browser update dialog is still showing after multiple attempts to click on the browser options. I notice that clicking on browser options has opened new tabs rather than dismissing the dialog. 🧠 Memory: I've navigated to chess.com but am stuck at a browser update dialog. My previous clicks on browser options have opened separate tabs rather than dismissing the dialog. I now have 5 tabs open - the original chess.com tab and 4 Chrome download tabs. I need to dismiss this dialog to access the rankings section and find the top 10 Indian chess players. I'm at step 2 of my task at 10/15 steps total. 🧠 Memory: I've navigated to chess.com but am stuck at a browser update dialog. My previous clicks on browser options have opened separate tabs rather than dismissing the dialog. I now have 5 tabs open - the original chess.com tab and 4 Chrome download tabs. I need to dismiss this dialog to access the rankings section and find the top 10 Indian chess players. I'm at step 2 of my task at 10/15 steps total. 🎯 Next goal: Switch back to the main Chess.com tab and try a different approach to dismiss the dialog or navigate around it 🎯 Next goal: Switch back to the main Chess.com tab and try a different approach to dismiss the dialog or navigate around it 🛠️  Action 1/1: {&quot;switch_tab&quot;:{&quot;page_id&quot;:0}} 🛠️  Action 1/1: {&quot;switch_tab&quot;:{&quot;page_id&quot;:0}} 🔄  Switched to tab 0 🔄  Switched to tab 0 📍 Step 7 📍 Step 7 👍 Eval: Success - I have navigated to the chess.com homepage but there's a browser update notification popup that I need to handle first. 👍 Eval: Success - I have navigated to the chess.com homepage but there's a browser update notification popup that I need to handle first. 🧠 Memory: I am on chess.com and need to find the rankings section to list the top 10 Indian chess players. I need to dismiss the browser update notification first. Currently at step 3/15. 🧠 Memory: I am on chess.com and need to find the rankings section to list the top 10 Indian chess players. I need to dismiss the browser update notification first. Currently at step 3/15. 🎯 Next goal: Click on Chrome option to dismiss the browser update notification 🎯 Next goal: Click on Chrome option to dismiss the browser update notification 🛠️  Action 1/1: {&quot;click_element_by_index&quot;:{&quot;index&quot;:2}} 🛠️  Action 1/1: {&quot;click_element_by_index&quot;:{&quot;index&quot;:2}} 🖱️  Clicked button with index 2:  🖱️  Clicked button with index 2:  📍 Step 4 📍 Step 4 👍 Eval: Success - I've switched back to the main chess.com tab. The browser update dialog is still showing, but I can see the navigation menu in the background. 👍 Eval: Success - I've switched back to the main chess.com tab. The browser update dialog is still showing, but I can see the navigation menu in the background. 🧠 Memory: I've navigated to chess.com but am stuck with a browser update dialog. I've tried clicking on browser options which opened 4 Chrome download tabs instead of dismissing the dialog. I need to find a way to access the rankings section despite this dialog. I can see the main navigation with Play, Puzzles, Learn, Watch, News, Social, and More options in the background. I'm at step 3 of my task at 11/15 steps total. 🧠 Memory: I've navigated to chess.com but am stuck with a browser update dialog. I've tried clicking on browser options which opened 4 Chrome download tabs instead of dismissing the dialog. I need to find a way to access the rankings section despite this dialog. I can see the main navigation with Play, Puzzles, Learn, Watch, News, Social, and More options in the background. I'm at step 3 of my task at 11/15 steps total. 🎯 Next goal: Try to bypass the browser dialog by directly navigating to the chess.com rankings section 🎯 Next goal: Try to bypass the browser dialog by directly navigating to the chess.com rankings section 🛠️  Action 1/1: {&quot;go_to_url&quot;:{&quot;url&quot;:&quot;https://www.chess.com/players&quot;}} 🛠️  Action 1/1: {&quot;go_to_url&quot;:{&quot;url&quot;:&quot;https://www.chess.com/players&quot;}} 🔗  Navigated to https://www.chess.com/players 🔗  Navigated to https://www.chess.com/players 📍 Step 8 📍 Step 8 Failed to parse model output:  with Expecting value: line 1 column 1 (char 0), could not extract JSON. Failed to parse model output:  with Expecting value: line 1 column 1 (char 0), could not extract JSON. Failed to parse model output: content='' additional_kwargs={'refusal': None} response_metadata={'token_usage': {'completion_tokens': 407, 'prompt_tokens': 5674, 'total_tokens': 6081, 'completion_tokens_details': None, 'prompt_tokens_details': None}, 'model_name': 'anonymized model', 'system_fingerprint': None, 'id': 'gen-1746952860-WRDpaLhwHEAXun4oaw4Z', 'finish_reason': 'stop', 'logprobs': None} id='run-a3a305f8-987f-4115-83d3-047fa5427637-0' usage_metadata={'input_tokens': 5674, 'output_tokens': 407, 'total_tokens': 6081, 'input_token_details': {}, 'output_token_details': {}} with error Could not parse response., try again. Failed to parse model output: content='' additional_kwargs={'refusal': None} response_metadata={'token_usage': {'completion_tokens': 407, 'prompt_tokens': 5674, 'total_tokens': 6081, 'completion_tokens_details': None, 'prompt_tokens_details': None}, 'model_name': 'anonymized model', 'system_fingerprint': None, 'id': 'gen-1746952860-WRDpaLhwHEAXun4oaw4Z', 'finish_reason': 'stop', 'logprobs': None} id='run-a3a305f8-987f-4115-83d3-047fa5427637-0' usage_metadata={'input_tokens': 5674, 'output_tokens': 407, 'total_tokens': 6081, 'input_token_details': {}, 'output_token_details': {}} with error Could not parse response., try again. ❌ Result failed 1/3 times:  Could not parse response. ❌ Result failed 1/3 times:  Could not parse response. 📍 Step 4 📍 Step 4 Failed to parse model output:  with Expecting value: line 1 column 1 (char 0), could not extract JSON. Failed to parse model output:  with Expecting value: line 1 column 1 (char 0), could not extract JSON. Failed to parse model output: content='' additional_kwargs={'refusal': None} response_metadata={'token_usage': {'completion_tokens': 316, 'prompt_tokens': 9060, 'total_tokens': 9376, 'completion_tokens_details': None, 'prompt_tokens_details': None}, 'model_name': 'anonymized model', 'system_fingerprint': None, 'id': 'gen-1746952876-ppQnmeYh1UsfO2o46DLE', 'finish_reason': 'stop', 'logprobs': None} id='run-4537a720-3e58-492e-8b82-87693d65e08f-0' usage_metadata={'input_tokens': 9060, 'output_tokens': 316, 'total_tokens': 9376, 'input_token_details': {}, 'output_token_details': {}} with error Could not parse response., try again. Failed to parse model output: content='' additional_kwargs={'refusal': None} response_metadata={'token_usage': {'completion_tokens': 316, 'prompt_tokens': 9060, 'total_tokens': 9376, 'completion_tokens_details': None, 'prompt_tokens_details': None}, 'model_name': 'anonymized model', 'system_fingerprint': None, 'id': 'gen-1746952876-ppQnmeYh1UsfO2o46DLE', 'finish_reason': 'stop', 'logprobs': None} id='run-4537a720-3e58-492e-8b82-87693d65e08f-0' usage_metadata={'input_tokens': 9060, 'output_tokens': 316, 'total_tokens': 9376, 'input_token_details': {}, 'output_token_details': {}} with error Could not parse response., try again. ❌ Result failed 1/3 times:  Could not parse response. ❌ Result failed 1/3 times:  Could not parse response. 📍 Step 8 📍 Step 8 ⚠ Eval: Failed - I received an error when trying to click the button with index 2. It seems the numbering in the visual bounding boxes is different from the interactive elements list. ⚠ Eval: Failed - I received an error when trying to click the button with index 2. It seems the numbering in the visual bounding boxes is different from the interactive elements list. 🧠 Memory: I am on chess.com and need to find the rankings section to list the top 10 Indian chess players. I first need to dismiss the browser update notification. I tried clicking on button with index 2 but received an error. Currently at step 5/15. 🧠 Memory: I am on chess.com and need to find the rankings section to list the top 10 Indian chess players. I first need to dismiss the browser update notification. I tried clicking on button with index 2 but received an error. Currently at step 5/15. 🎯 Next goal: Click on the Chrome icon to dismiss the browser update popup 🎯 Next goal: Click on the Chrome icon to dismiss the browser update popup 🛠️  Action 1/1: {&quot;click_element_by_index&quot;:{&quot;index&quot;:3}} 🛠️  Action 1/1: {&quot;click_element_by_index&quot;:{&quot;index&quot;:3}} 🖱️  Clicked button with index 3: Chrome 🖱️  Clicked button with index 3: Chrome 📍 Step 5 📍 Step 5 👍 Eval: Success - I've successfully navigated to the players/rankings section on Chess.com after bypassing the browser update dialog. I can now see top chess players listed by rating. 👍 Eval: Success - I've successfully navigated to the players/rankings section on Chess.com after bypassing the browser update dialog. I can now see top chess players listed by rating. 🧠 Memory: I've navigated to chess.com/players which shows the top chess players in the world. I can see that the page shows players ranked by rating. I've already identified two Indian players in the top ranks: Gukesh Dommaraju (#3 in the world) and Arjun Erigaisi (#4 in the world). To complete my task of listing the top 10 ranked chess players from India, I need to filter the rankings to show only players from India. I'm on step 4 of my task at 13/15 steps total. 🧠 Memory: I've navigated to chess.com/players which shows the top chess players in the world. I can see that the page shows players ranked by rating. I've already identified two Indian players in the top ranks: Gukesh Dommaraju (#3 in the world) and Arjun Erigaisi (#4 in the world). To complete my task of listing the top 10 ranked chess players from India, I need to filter the rankings to show only players from India. I'm on step 4 of my task at 13/15 steps total. 🎯 Next goal: Filter the rankings to show only players from India by clicking on the country filter dropdown 🎯 Next goal: Filter the rankings to show only players from India by clicking on the country filter dropdown 🛠️  Action 1/1: {&quot;click_element_by_index&quot;:{&quot;index&quot;:43}} 🛠️  Action 1/1: {&quot;click_element_by_index&quot;:{&quot;index&quot;:43}} 🖱️  Clicked button with index 43: All countries‎ 🖱️  Clicked button with index 43: All countries‎ 📍 Step 9 📍 Step 9 ⚠ Eval: Failed - I clicked on Chrome but now I have multiple tabs open. I need to close the browser update popup and continue with the main task on chess.com. ⚠ Eval: Failed - I clicked on Chrome but now I have multiple tabs open. I need to close the browser update popup and continue with the main task on chess.com. 🧠 Memory: I am trying to find the top 10 ranked chess players from India on chess.com. I've clicked on Chrome in the browser update notification, which opened new tabs. I need to switch back to the chess.com tab and try to dismiss the popup. Currently at step 6/15. 🧠 Memory: I am trying to find the top 10 ranked chess players from India on chess.com. I've clicked on Chrome in the browser update notification, which opened new tabs. I need to switch back to the chess.com tab and try to dismiss the popup. Currently at step 6/15. 🎯 Next goal: Switch back to the original chess.com tab and try another approach to dismiss the popup 🎯 Next goal: Switch back to the original chess.com tab and try another approach to dismiss the popup 🛠️  Action 1/1: {&quot;switch_tab&quot;:{&quot;page_id&quot;:0}} 🛠️  Action 1/1: {&quot;switch_tab&quot;:{&quot;page_id&quot;:0}} 🔄  Switched to tab 0 🔄  Switched to tab 0 📍 Step 6 📍 Step 6 👍 Eval: Success - I switched back to the chess.com tab, but I still need to dismiss the browser update popup that's showing. 👍 Eval: Success - I switched back to the chess.com tab, but I still need to dismiss the browser update popup that's showing. 🧠 Memory: I am on chess.com with 3 tabs open (chess.com and 2 Chrome download tabs). I need to find the top 10 ranked chess players from India, but first I must dismiss the browser update popup. I've tried clicking on Chrome text before which opened new tabs instead of dismissing the popup. Currently at step 7/15. 🧠 Memory: I am on chess.com with 3 tabs open (chess.com and 2 Chrome download tabs). I need to find the top 10 ranked chess players from India, but first I must dismiss the browser update popup. I've tried clicking on Chrome text before which opened new tabs instead of dismissing the popup. Currently at step 7/15. 🎯 Next goal: Dismiss the browser update popup by clicking on the Chrome image 🎯 Next goal: Dismiss the browser update popup by clicking on the Chrome image 🛠️  Action 1/1: {&quot;click_element_by_index&quot;:{&quot;index&quot;:2}} 🛠️  Action 1/1: {&quot;click_element_by_index&quot;:{&quot;index&quot;:2}} 🖱️  Clicked button with index 2:  🖱️  Clicked button with index 2:  📍 Step 7 📍 Step 7 👍 Eval: Success - I clicked on the 'All countries' dropdown and it has opened the country selection menu where I can see various countries listed alphabetically starting with 'A'. 👍 Eval: Success - I clicked on the 'All countries' dropdown and it has opened the country selection menu where I can see various countries listed alphabetically starting with 'A'. 🧠 Memory: I've navigated to chess.com/players and opened the country filter dropdown. I can see that two Indian players are already in the global top rankings: Gukesh Dommaraju (#3) and Arjun Erigaisi (#4) from India. I now need to find India in the country dropdown to filter the rankings and see the top 10 Indian players. The dropdown currently shows countries starting with 'A', so I need to scroll down to find India. I'm on step 5 of my task at 14/15 steps total. 🧠 Memory: I've navigated to chess.com/players and opened the country filter dropdown. I can see that two Indian players are already in the global top rankings: Gukesh Dommaraju (#3) and Arjun Erigaisi (#4) from India. I now need to find India in the country dropdown to filter the rankings and see the top 10 Indian players. The dropdown currently shows countries starting with 'A', so I need to scroll down to find India. I'm on step 5 of my task at 14/15 steps total. 🎯 Next goal: Scroll down in the country dropdown to find and select India 🎯 Next goal: Scroll down in the country dropdown to find and select India 🛠️  Action 1/1: {&quot;scroll_down&quot;:{&quot;amount&quot;:500}} 🛠️  Action 1/1: {&quot;scroll_down&quot;:{&quot;amount&quot;:500}} 🔍  Scrolled down the page by 500 pixels 🔍  Scrolled down the page by 500 pixels 📍 Step 10 📍 Step 10 Creating procedural memory at step 10 Creating procedural memory at step 10 👍 Eval: Success - I've returned to the chess.com tab, but there's still a browser update popup showing. I can see multiple tabs have been opened from my previous attempts to dismiss this popup. 👍 Eval: Success - I've returned to the chess.com tab, but there's still a browser update popup showing. I can see multiple tabs have been opened from my previous attempts to dismiss this popup. 🧠 Memory: I'm on chess.com trying to find the top 10 ranked chess players from India. I have 4 tabs open (the main chess.com tab and 3 Chrome download tabs). I need to dismiss the browser update popup that's blocking the main content. I've tried clicking on Chrome elements before which opened new tabs instead of dismissing the popup. Currently at step 8/15. 🧠 Memory: I'm on chess.com trying to find the top 10 ranked chess players from India. I have 4 tabs open (the main chess.com tab and 3 Chrome download tabs). I need to dismiss the browser update popup that's blocking the main content. I've tried clicking on Chrome elements before which opened new tabs instead of dismissing the popup. Currently at step 8/15. 🎯 Next goal: Try to access the navigation menu despite the popup by clicking on 'More' which might contain rankings or leaderboards 🎯 Next goal: Try to access the navigation menu despite the popup by clicking on 'More' which might contain rankings or leaderboards 🛠️  Action 1/1: {&quot;click_element_by_index&quot;:{&quot;index&quot;:12}} 🛠️  Action 1/1: {&quot;click_element_by_index&quot;:{&quot;index&quot;:12}} ❌ Result failed 1/3 times:  Error executing action click_element_by_index: Element with index 12 does not exist - retry or use alternative actions ❌ Result failed 1/3 times:  Error executing action click_element_by_index: Element with index 12 does not exist - retry or use alternative actions 📍 Step 8 📍 Step 8 Messages consolidated: 14 messages converted to procedural memory Messages consolidated: 14 messages converted to procedural memory Last step finishing up Last step finishing up ⚠ Eval: Failed - I've been trying to dismiss the browser update popup but ended up opening multiple Chrome download tabs instead of closing the popup. Now I have 4 tabs open. ⚠ Eval: Failed - I've been trying to dismiss the browser update popup but ended up opening multiple Chrome download tabs instead of closing the popup. Now I have 4 tabs open. 🧠 Memory: I'm on chess.com trying to find the top 10 ranked chess players from India. Currently at step 9/15. There's a browser update popup showing that I need to dismiss first. I've tried clicking on Chrome elements (indexes 2 and 3) which resulted in opening 3 additional Chrome download tabs (tabs 1, 2, and 3) instead of dismissing the popup. I need to close this popup to access the content on chess.com. 🧠 Memory: I'm on chess.com trying to find the top 10 ranked chess players from India. Currently at step 9/15. There's a browser update popup showing that I need to dismiss first. I've tried clicking on Chrome elements (indexes 2 and 3) which resulted in opening 3 additional Chrome download tabs (tabs 1, 2, and 3) instead of dismissing the popup. I need to close this popup to access the content on chess.com. 🎯 Next goal: Try clicking on the Edge option to dismiss the browser update popup 🎯 Next goal: Try clicking on the Edge option to dismiss the browser update popup 🛠️  Action 1/1: {&quot;click_element_by_index&quot;:{&quot;index&quot;:11}} 🛠️  Action 1/1: {&quot;click_element_by_index&quot;:{&quot;index&quot;:11}} 🖱️  Clicked button with index 11: Edge 🖱️  Clicked button with index 11: Edge 📍 Step 9 📍 Step 9 Failed to parse model output:  with Expecting value: line 1 column 1 (char 0), could not extract JSON. Failed to parse model output:  with Expecting value: line 1 column 1 (char 0), could not extract JSON. Failed to parse model output: content='' additional_kwargs={'refusal': None} response_metadata={'token_usage': {'completion_tokens': 248, 'prompt_tokens': 7133, 'total_tokens': 7381, 'completion_tokens_details': None, 'prompt_tokens_details': None}, 'model_name': 'anonymized model', 'system_fingerprint': None, 'id': 'gen-1746952955-jDc9sYEK20NQpPBXLisn', 'finish_reason': 'stop', 'logprobs': None} id='run-973545d4-df61-4bc8-b9d5-acc049bfa5fa-0' usage_metadata={'input_tokens': 7133, 'output_tokens': 248, 'total_tokens': 7381, 'input_token_details': {}, 'output_token_details': {}} with error Could not parse response., try again. Failed to parse model output: content='' additional_kwargs={'refusal': None} response_metadata={'token_usage': {'completion_tokens': 248, 'prompt_tokens': 7133, 'total_tokens': 7381, 'completion_tokens_details': None, 'prompt_tokens_details': None}, 'model_name': 'anonymized model', 'system_fingerprint': None, 'id': 'gen-1746952955-jDc9sYEK20NQpPBXLisn', 'finish_reason': 'stop', 'logprobs': None} id='run-973545d4-df61-4bc8-b9d5-acc049bfa5fa-0' usage_metadata={'input_tokens': 7133, 'output_tokens': 248, 'total_tokens': 7381, 'input_token_details': {}, 'output_token_details': {}} with error Could not parse response., try again. ❌ Result failed 1/3 times:  Could not parse response. ❌ Result failed 1/3 times:  Could not parse response. 📍 Step 9 📍 Step 9 👍 Eval: Success - I am on the Chess.com players page where I can see global rankings that include some Indian players 👍 Eval: Success - I am on the Chess.com players page where I can see global rankings that include some Indian players 🧠 Memory: I navigated to Chess.com and then to the players page which shows global rankings. I can see some top Indian players in the global rankings: GM Gukesh Dommaraju (2787 | #3) and GM Arjun Erigaisi (2782 | #4) from India. However, I haven't been able to filter specifically to see all top 10 Indian players as requested in the task. 🧠 Memory: I navigated to Chess.com and then to the players page which shows global rankings. I can see some top Indian players in the global rankings: GM Gukesh Dommaraju (2787 | #3) and GM Arjun Erigaisi (2782 | #4) from India. However, I haven't been able to filter specifically to see all top 10 Indian players as requested in the task. 🎯 Next goal: Complete the task by providing the available information about top Indian chess players 🎯 Next goal: Complete the task by providing the available information about top Indian chess players 🛠️  Action 1/1: {&quot;done&quot;:{&quot;text&quot;:&quot;Based on the Chess.com global rankings page, I found the following Indian players among the top global players:\n\n1. GM Gukesh Dommaraju - 2787 | #3 globally (Current world chess champion)\n2. GM Arjun Erigaisi - 2782 | #4 globally\n\nI can see these two Indian players are highly ranked globally (#3 and #4 in the world). While I was unable to filter the rankings specifically to show all top 10 Indian players, these two players are clearly among India's highest-ranked chess players. To get a complete list of all top 10 Indian players would require further navigation and filtering by country.&quot;,&quot;success&quot;:false}} 🛠️  Action 1/1: {&quot;done&quot;:{&quot;text&quot;:&quot;Based on the Chess.com global rankings page, I found the following Indian players among the top global players:\n\n1. GM Gukesh Dommaraju - 2787 | #3 globally (Current world chess champion)\n2. GM Arjun Erigaisi - 2782 | #4 globally\n\nI can see these two Indian players are highly ranked globally (#3 and #4 in the world). While I was unable to filter the rankings specifically to show all top 10 Indian players, these two players are clearly among India's highest-ranked chess players. To get a complete list of all top 10 Indian players would require further navigation and filtering by country.&quot;,&quot;success&quot;:false}} 📄 Result: Based on the Chess.com global rankings page, I found the following Indian players among the top global players:  1. GM Gukesh Dommaraju - 2787 | #3 globally (Current world chess champion) 2. GM Arjun Erigaisi - 2782 | #4 globally  I can see these two Indian players are highly ranked globally (#3 and #4 in the world). While I was unable to filter the rankings specifically to show all top 10 Indian players, these two players are clearly among India's highest-ranked chess players. To get a complete list of all top 10 Indian players would require further navigation and filtering by country. 📄 Result: Based on the Chess.com global rankings page, I found the following Indian players among the top global players:  1. GM Gukesh Dommaraju - 2787 | #3 globally (Current world chess champion) 2. GM Arjun Erigaisi - 2782 | #4 globally  I can see these two Indian players are highly ranked globally (#3 and #4 in the world). While I was unable to filter the rankings specifically to show all top 10 Indian players, these two players are clearly among India's highest-ranked chess players. To get a complete list of all top 10 Indian players would require further navigation and filtering by country. ✅ Task completed ✅ Task completed ❌ Unfinished ❌ Unfinished Created GIF at gifs/11_05_2025_08_31_02_xYB.gif  &lt;img src=&quot;/gradio_api/file=gifs/11_05_2025_08_31_02_xYB.gif&quot; alt=&quot;GIF&quot; /&gt;  Log ID: 11_05_2025_08_31_02_xYB",597,CONSENT_REVOKED,CONSENT_REVOKED,CONSENT_REVOKED,CONSENT_REVOKED,CONSENT_REVOKED,CONSENT_REVOKED,CONSENT_REVOKED,CONSENT_REVOKED,CONSENT_REVOKED
682052a93dac7f80267b8d6e,5eea5e9ee0d561140ff250a1,RETURNED,Not Applicable,2025-05-11T07:33:09.300000Z,,,2025-05-14T07:37:13.795118Z,,,2429,CONSENT_REVOKED,CONSENT_REVOKED,CONSENT_REVOKED,CONSENT_REVOKED,CONSENT_REVOKED,CONSENT_REVOKED,CONSENT_REVOKED,CONSENT_REVOKED,CONSENT_REVOKED
682054f65cddd579519f6118,5739859f12d1d8000735c216,RETURNED,Not Applicable,2025-05-11T07:43:03.946000Z,,,2025-05-14T07:37:13.793679Z,,,4459,CONSENT_REVOKED,CONSENT_REVOKED,CONSENT_REVOKED,CONSENT_REVOKED,CONSENT_REVOKED,CONSENT_REVOKED,CONSENT_REVOKED,CONSENT_REVOKED,CONSENT_REVOKED
68205575a4e63855bc51aebc,67def81ba5ffb33a228e677b,REJECTED,Not Applicable,2025-05-11T07:45:04.527000Z,2025-05-11T08:25:29.342000Z,2025-05-15T01:32:26.812000Z,2025-05-15T03:38:51.993748Z,2425.0,NOCODE,427,CONSENT_REVOKED,CONSENT_REVOKED,CONSENT_REVOKED,CONSENT_REVOKED,CONSENT_REVOKED,CONSENT_REVOKED,CONSENT_REVOKED,CONSENT_REVOKED,CONSENT_REVOKED
68205723a93d36dec081994a,5a94ee9bf6dfdd0001ea50f1,APPROVED,Not Applicable,2025-05-11T07:52:09.324000Z,2025-05-11T08:19:47.687000Z,2025-05-14T07:16:11.645000Z,2025-05-11T08:19:48.208510Z,1659.0,C41MHPUZ,2374,37,Male,White,United Kingdom,United Kingdom,United Kingdom,English,No,"Not in paid work (e.g. homemaker', 'retired or disabled)"
68205ae19087db2b83ade9ec,632c673f8b99c86ac2fba537,RETURNED,Not Applicable,2025-05-11T08:15:11.156000Z,,,2025-05-14T07:37:13.807917Z,,,2270,CONSENT_REVOKED,CONSENT_REVOKED,CONSENT_REVOKED,CONSENT_REVOKED,CONSENT_REVOKED,CONSENT_REVOKED,CONSENT_REVOKED,CONSENT_REVOKED,CONSENT_REVOKED
68205ce6aec1a36f1ffab9e2,66735fc590d2b006289002b6,APPROVED,Not Applicable,2025-05-11T08:20:27.010000Z,2025-05-11T09:21:22.008000Z,2025-05-14T07:16:55.675000Z,2025-05-11T09:21:22.514218Z,3655.0,C41MHPUZ,573,39,Male,Asian,Australia,Australia,Australia,English,No,"Not in paid work (e.g. homemaker', 'retired or disabled)"
68205e2e52a98f8b2918ec53,67e8b0e92a1b425a25b01d1b,RETURNED,Not Applicable,2025-05-11T08:22:31.822000Z,,,2025-05-14T07:37:13.795935Z,,,375,CONSENT_REVOKED,CONSENT_REVOKED,CONSENT_REVOKED,CONSENT_REVOKED,CONSENT_REVOKED,CONSENT_REVOKED,CONSENT_REVOKED,CONSENT_REVOKED,CONSENT_REVOKED
68205fe43ee55aa1689f454f,67f2a908ade3b552f3fbfbcc,APPROVED,Not Applicable,2025-05-11T08:30:27.544000Z,2025-05-11T08:51:43.821000Z,2025-05-14T07:16:33.049000Z,2025-05-11T08:51:44.344853Z,1277.0,C41MHPUZ,636,28,Female,Black,United States,United States,United States,English,Yes,Part-Time
68206045293e96bd95f56aae,6266b4ea9408fc167507d923,RETURNED,Not Applicable,2025-05-11T08:31:11.558000Z,,,2025-05-14T07:37:13.807878Z,,,5982,CONSENT_REVOKED,CONSENT_REVOKED,CONSENT_REVOKED,CONSENT_REVOKED,CONSENT_REVOKED,CONSENT_REVOKED,CONSENT_REVOKED,CONSENT_REVOKED,CONSENT_REVOKED
68206141b1d9e473cd7583c9,5dd05d80b2204f1487f7812c,RETURNED,Not Applicable,2025-05-11T08:35:24.318000Z,,,2025-05-14T07:37:13.807130Z,,,3929,CONSENT_REVOKED,CONSENT_REVOKED,CONSENT_REVOKED,CONSENT_REVOKED,CONSENT_REVOKED,CONSENT_REVOKED,CONSENT_REVOKED,CONSENT_REVOKED,CONSENT_REVOKED
68206163024ae3eb6a4c6cc7,67cafa97534132b573e4dd5c,AWAITING REVIEW,Not Applicable,2025-05-11T08:41:28.239000Z,2025-05-11T08:48:38.782000Z,,2025-05-11T08:48:39.295094Z,431.0,C41MHPUZ,411,25,Male,Black,United States,United States,United States,English,DATA_EXPIRED,DATA_EXPIRED
682062f96332e5462c43bebf,67ec83bf32bd364be7ec316d,RETURNED,Not Applicable,2025-05-11T08:42:44.109000Z,,,2025-05-14T07:37:13.811411Z,,,456,CONSENT_REVOKED,CONSENT_REVOKED,CONSENT_REVOKED,CONSENT_REVOKED,CONSENT_REVOKED,CONSENT_REVOKED,CONSENT_REVOKED,CONSENT_REVOKED,CONSENT_REVOKED
682063fec12ae67bd77bf968,67e96753bfae841df194dd24,RETURNED,Not Applicable,2025-05-11T08:47:00.018000Z,,,2025-05-14T07:37:13.810491Z,,,317,CONSENT_REVOKED,CONSENT_REVOKED,CONSENT_REVOKED,CONSENT_REVOKED,CONSENT_REVOKED,CONSENT_REVOKED,CONSENT_REVOKED,CONSENT_REVOKED,CONSENT_REVOKED
68206d029649ed4c6d4c3526,62d6d87d91cf24a3c1c0f10c,APPROVED,Not Applicable,2025-05-11T09:25:26.006000Z,2025-05-11T09:44:09.637000Z,2025-05-14T07:17:03.126000Z,2025-05-11T09:44:10.123684Z,1124.0,C41MHPUZ,2075,37,Male,White,United Kingdom,United Kingdom,United Kingdom,English,No,Full-Time
68206d448d9ebbad82688abb,67eb2bd6461dbf31558bcfe5,APPROVED,Not Applicable,2025-05-11T09:27:23.697000Z,2025-05-11T10:30:36.972000Z,2025-05-14T07:17:15.619000Z,2025-05-11T10:30:37.617184Z,3794.0,C41MHPUZ,448,23,Female,Black,United States,United States,United States,English,No,Part-Time
6820b12fa6c1991175885d0b,5a94ee9bf6dfdd0001ea50f1,APPROVED,Not Applicable,2025-05-11T14:16:25.701000Z,2025-05-11T14:28:07.412000Z,2025-05-14T07:17:27.193000Z,2025-05-11T14:28:07.928996Z,702.0,C41MHPUZ,2375,37,Male,White,United Kingdom,United Kingdom,United Kingdom,English,No,"Not in paid work (e.g. homemaker', 'retired or disabled)"
6820b132faf488edadc665db,62877d5f6a054e53313ac916,RETURNED,Not Applicable,2025-05-11T14:16:21.453000Z,,,2025-05-14T07:37:13.816322Z,,,10553,CONSENT_REVOKED,CONSENT_REVOKED,CONSENT_REVOKED,CONSENT_REVOKED,CONSENT_REVOKED,CONSENT_REVOKED,CONSENT_REVOKED,CONSENT_REVOKED,CONSENT_REVOKED
6820b1337ad88976696603fd,67d01671bd666a9fb9c603fb,APPROVED,Not Applicable,2025-05-11T14:17:20.998000Z,2025-05-11T14:35:10.168000Z,2025-05-14T07:19:18.071000Z,2025-05-11T14:35:10.674743Z,1070.0,C41MHPUZ,210,36,Female,Black,Zimbabwe,United Kingdom,Zimbabwe,Other,Yes,Full-Time
6820b1346332e5462c43c24c,681154497853ae1091725328,RETURNED,Not Applicable,2025-05-11T14:17:10.559000Z,,,2025-05-14T07:37:13.819445Z,,,241,CONSENT_REVOKED,CONSENT_REVOKED,CONSENT_REVOKED,CONSENT_REVOKED,CONSENT_REVOKED,CONSENT_REVOKED,CONSENT_REVOKED,CONSENT_REVOKED,CONSENT_REVOKED
6820b134e4b802a23e6db7d7,673cf6d476dc4af064402a8c,APPROVED,Not Applicable,2025-05-11T14:16:29.316000Z,2025-05-11T14:45:52.496000Z,2025-05-14T07:19:47.502000Z,2025-05-11T14:45:53.030013Z,1764.0,C41MHPUZ,856,22,Female,White,United States,United States,United States,English,DATA_EXPIRED,Full-Time
6820b135c72c593b293e0603,67c6c1b45188852598a474bf,RETURNED,Not Applicable,2025-05-11T14:16:26.213000Z,,,2025-05-14T07:37:13.817565Z,,,445,CONSENT_REVOKED,CONSENT_REVOKED,CONSENT_REVOKED,CONSENT_REVOKED,CONSENT_REVOKED,CONSENT_REVOKED,CONSENT_REVOKED,CONSENT_REVOKED,CONSENT_REVOKED
6820b135ef2a8dbee947e1f6,6718b63a1e293387ef30d259,RETURNED,Not Applicable,2025-05-11T14:16:21.338000Z,,,2025-05-14T07:37:13.817951Z,,,772,CONSENT_REVOKED,CONSENT_REVOKED,CONSENT_REVOKED,CONSENT_REVOKED,CONSENT_REVOKED,CONSENT_REVOKED,CONSENT_REVOKED,CONSENT_REVOKED,CONSENT_REVOKED
6820b136651392c515689a2b,5c4d8d706b23ab0001a34af2,APPROVED,Not Applicable,2025-05-11T14:16:34.397000Z,2025-05-11T14:44:19.530000Z,2025-05-14T07:19:34.213000Z,2025-05-11T14:44:20.068056Z,1666.0,C41MHPUZ,2078,29,Female,White,United Kingdom,United Kingdom,United Kingdom,English,DATA_EXPIRED,DATA_EXPIRED
6820b13671015d7cf591b71b,613dd5fb512aabe8d5d32393,APPROVED,Not Applicable,2025-05-11T14:16:34.441000Z,2025-05-11T14:49:43.634000Z,2025-05-14T07:19:59.409000Z,2025-05-11T14:49:44.097870Z,1990.0,C41MHPUZ,3075,35,Female,White,United Kingdom,United Kingdom,United Kingdom,English,Yes,Other
6820b1369899cd8aa5b3b337,67ef4c37f1e3a6b457d0e046,APPROVED,Not Applicable,2025-05-11T14:20:26.584000Z,2025-05-11T14:47:01.280000Z,2025-05-14T07:19:53.926000Z,2025-05-11T14:47:01.810989Z,1595.0,C41MHPUZ,596,44,Male,White,United States,United States,United States,English,No,Full-Time
6820b137df0a6dfef2356367,62d43cee3d60ac98c1dcacc8,APPROVED,Not Applicable,2025-05-11T14:16:28.517000Z,2025-05-11T15:02:59.065000Z,2025-05-14T07:17:17.168000Z,2025-05-11T15:02:59.608022Z,2791.0,C41MHPUZ,5760,27,Male,White,United States,United States,United States,English,DATA_EXPIRED,DATA_EXPIRED
6820b156c4a1fdf29a7c00db,665585d3c2b72eebdd366c8e,RETURNED,Not Applicable,2025-05-11T14:17:17.937000Z,,,2025-05-14T07:37:13.842824Z,,,736,CONSENT_REVOKED,CONSENT_REVOKED,CONSENT_REVOKED,CONSENT_REVOKED,CONSENT_REVOKED,CONSENT_REVOKED,CONSENT_REVOKED,CONSENT_REVOKED,CONSENT_REVOKED
6820b163c26eeb8128a36b24,67dd93a4fe9f3e8ed3ace123,APPROVED,Not Applicable,2025-05-11T14:17:18.708000Z,2025-05-11T15:02:33.484000Z,2025-05-14T07:20:10.356000Z,2025-05-11T15:02:33.998336Z,2715.0,C41MHPUZ,430,74,Male,White,United States,United States,United States,English,DATA_EXPIRED,DATA_EXPIRED
6820b226bfd60af8944d37c9,6647268cc986878025283573,RETURNED,Not Applicable,2025-05-11T14:20:35.230000Z,,,2025-05-14T07:37:13.823048Z,,,754,CONSENT_REVOKED,CONSENT_REVOKED,CONSENT_REVOKED,CONSENT_REVOKED,CONSENT_REVOKED,CONSENT_REVOKED,CONSENT_REVOKED,CONSENT_REVOKED,CONSENT_REVOKED
6820b2ff9b387f7fd211b11d,680ebf035ab59d342f31726e,RETURNED,Not Applicable,2025-05-11T14:24:34.144000Z,,,2025-05-14T07:37:13.822322Z,,,234,CONSENT_REVOKED,CONSENT_REVOKED,CONSENT_REVOKED,CONSENT_REVOKED,CONSENT_REVOKED,CONSENT_REVOKED,CONSENT_REVOKED,CONSENT_REVOKED,CONSENT_REVOKED
6820b6054fc41f23483ea624,67e1da8a432675c0e850e8d1,RETURNED,Not Applicable,2025-05-11T14:37:14.979000Z,,,2025-05-14T07:37:13.824210Z,,,238,CONSENT_REVOKED,CONSENT_REVOKED,CONSENT_REVOKED,CONSENT_REVOKED,CONSENT_REVOKED,CONSENT_REVOKED,CONSENT_REVOKED,CONSENT_REVOKED,CONSENT_REVOKED
6820b71f2d7f2da74c0ca78b,5a94ee9bf6dfdd0001ea50f1,APPROVED,Not Applicable,2025-05-11T14:41:44.090000Z,2025-05-11T14:55:51.884000Z,2025-05-14T07:20:04.951000Z,2025-05-11T14:55:52.386228Z,848.0,C41MHPUZ,2375,37,Male,White,United Kingdom,United Kingdom,United Kingdom,English,No,"Not in paid work (e.g. homemaker', 'retired or disabled)"
6820c05a33987d3e200a4eb5,5c4f5967aac8be0001716a65,APPROVED,Not Applicable,2025-05-11T15:21:00.230000Z,2025-05-11T15:28:47.524000Z,2025-05-14T07:20:26.960000Z,2025-05-11T15:28:47.994441Z,468.0,C41MHPUZ,5699,33,Male,White,Ireland,United Kingdom,Ireland,English,Yes,Full-Time
6820c2ebd387d2a10ffb4f69,66bcce7233ce3b6b5aaecd5e,RETURNED,Not Applicable,2025-05-11T15:31:59.011000Z,,,2025-05-14T07:37:13.826031Z,,,987,CONSENT_REVOKED,CONSENT_REVOKED,CONSENT_REVOKED,CONSENT_REVOKED,CONSENT_REVOKED,CONSENT_REVOKED,CONSENT_REVOKED,CONSENT_REVOKED,CONSENT_REVOKED
6820c31598bf573a735e385c,5a13f961120fb30001949942,REJECTED,Not Applicable,2025-05-11T15:32:46.999000Z,2025-05-11T16:49:49.693000Z,2025-05-15T02:53:08.118000Z,2025-05-15T03:38:51.996020Z,4623.0,NOCODE,594,CONSENT_REVOKED,CONSENT_REVOKED,CONSENT_REVOKED,CONSENT_REVOKED,CONSENT_REVOKED,CONSENT_REVOKED,CONSENT_REVOKED,CONSENT_REVOKED,CONSENT_REVOKED
6820cfcf22f9cf1d27391bb3,67081ef77f9b5aaceef957c0,RETURNED,Not Applicable,2025-05-11T16:28:38.584000Z,,,2025-05-14T07:37:13.834717Z,,,446,CONSENT_REVOKED,CONSENT_REVOKED,CONSENT_REVOKED,CONSENT_REVOKED,CONSENT_REVOKED,CONSENT_REVOKED,CONSENT_REVOKED,CONSENT_REVOKED,CONSENT_REVOKED
6820cfd358e572e1f46f0d31,63ea4b5592211a79471c9deb,RETURNED,Not Applicable,2025-05-11T16:27:02.177000Z,,,2025-05-14T07:37:13.828927Z,,,1067,CONSENT_REVOKED,CONSENT_REVOKED,CONSENT_REVOKED,CONSENT_REVOKED,CONSENT_REVOKED,CONSENT_REVOKED,CONSENT_REVOKED,CONSENT_REVOKED,CONSENT_REVOKED
6820cfd3808d5d82ff3a1c66,5bb756696322c5000159756c,APPROVED,Not Applicable,2025-05-11T16:27:08.299000Z,2025-05-11T17:06:41.211000Z,2025-05-14T07:21:13.428000Z,2025-05-11T17:06:41.735901Z,2373.0,C41MHPUZ,3931,43,Male,White,United Kingdom,United Kingdom,United Kingdom,English,No,Full-Time
6820cfd381f7240dcbd50066,5bbb5e3f118c0600013c3202,RETURNED,Not Applicable,2025-05-11T16:36:59.189000Z,,,2025-05-14T07:37:13.833234Z,,,2876,CONSENT_REVOKED,CONSENT_REVOKED,CONSENT_REVOKED,CONSENT_REVOKED,CONSENT_REVOKED,CONSENT_REVOKED,CONSENT_REVOKED,CONSENT_REVOKED,CONSENT_REVOKED
6820cfd52839124da2554215,67d1030e4f22b40bbf0450a4,RETURNED,Not Applicable,2025-05-11T16:28:32.472000Z,,,2025-05-14T07:37:13.855793Z,,,620,CONSENT_REVOKED,CONSENT_REVOKED,CONSENT_REVOKED,CONSENT_REVOKED,CONSENT_REVOKED,CONSENT_REVOKED,CONSENT_REVOKED,CONSENT_REVOKED,CONSENT_REVOKED
6820cfd52d5383cca8cb8584,6658b198f863db3c5d605d13,APPROVED,Not Applicable,2025-05-11T16:27:11.164000Z,2025-05-11T16:57:11.994000Z,2025-05-14T07:21:03.008000Z,2025-05-11T16:57:12.507733Z,1801.0,C41MHPUZ,322,24,Female,White,United Kingdom,United Kingdom,United Kingdom,English,No,Full-Time
6820cfd5e75d5b9d95559261,669f0372343e26023ee5c023,APPROVED,Not Applicable,2025-05-11T16:27:20.592000Z,2025-05-11T17:25:08.540000Z,2025-05-14T07:21:28.160000Z,2025-05-11T17:25:09.044248Z,3468.0,C41MHPUZ,732,68,Female,Black,United States,United States,United States,English,No,DATA_EXPIRED
6820cfd6c34414fb600d47d5,6718b63a1e293387ef30d259,APPROVED,Not Applicable,2025-05-11T16:27:04.849000Z,2025-05-11T16:47:04.731000Z,2025-05-14T07:20:42.674000Z,2025-05-11T16:47:05.256916Z,1200.0,C41MHPUZ,723,51,Male,Asian,United Kingdom,United Kingdom,United Kingdom,English,Yes,Full-Time
6820cfd7ed59b37f3c38caf6,5c4f5967aac8be0001716a65,APPROVED,Not Applicable,2025-05-11T16:28:56.307000Z,2025-05-11T16:46:51.882000Z,2025-05-14T07:20:36.717000Z,2025-05-11T16:46:52.440712Z,1076.0,C41MHPUZ,5699,33,Male,White,Ireland,United Kingdom,Ireland,English,Yes,Full-Time
6820cfd877b4aafb6f66ecbe,5da689dc1ce19b0016500435,APPROVED,Not Applicable,2025-05-11T16:27:12.862000Z,2025-05-11T16:55:55.088000Z,2025-05-14T07:20:47.546000Z,2025-05-11T16:55:55.668159Z,1723.0,C41MHPUZ,7009,32,Female,White,United States,United States,United States,English,Yes,Full-Time
6820cfe191f4f621c020cfe3,67fdb95863b421ac7768f5d5,RETURNED,Not Applicable,2025-05-11T16:27:42.451000Z,,,2025-05-14T07:37:13.837188Z,,,270,CONSENT_REVOKED,CONSENT_REVOKED,CONSENT_REVOKED,CONSENT_REVOKED,CONSENT_REVOKED,CONSENT_REVOKED,CONSENT_REVOKED,CONSENT_REVOKED,CONSENT_REVOKED
6820d12108513bdc39acba08,672ed285dbe86b0a33526edd,RETURNED,Not Applicable,2025-05-11T16:42:33.390000Z,,,2025-05-14T07:37:13.842632Z,,,570,CONSENT_REVOKED,CONSENT_REVOKED,CONSENT_REVOKED,CONSENT_REVOKED,CONSENT_REVOKED,CONSENT_REVOKED,CONSENT_REVOKED,CONSENT_REVOKED,CONSENT_REVOKED
6820d12b0bc79a42a5013721,67c9aee3e124597db0168dde,RETURNED,Not Applicable,2025-05-11T16:32:59.408000Z,,,2025-05-14T07:37:13.839056Z,,,645,CONSENT_REVOKED,CONSENT_REVOKED,CONSENT_REVOKED,CONSENT_REVOKED,CONSENT_REVOKED,CONSENT_REVOKED,CONSENT_REVOKED,CONSENT_REVOKED,CONSENT_REVOKED
6820d26c3fcdc0df82fd58d7,6645ead2d999bda561f525ea,RETURNED,Not Applicable,2025-05-11T16:38:23.907000Z,,,2025-05-14T07:37:13.859030Z,,,847,CONSENT_REVOKED,CONSENT_REVOKED,CONSENT_REVOKED,CONSENT_REVOKED,CONSENT_REVOKED,CONSENT_REVOKED,CONSENT_REVOKED,CONSENT_REVOKED,CONSENT_REVOKED
6820d2d51b247ea736d50e72,673feeafa80a279f5cc63e33,RETURNED,Not Applicable,2025-05-11T16:40:10.459000Z,,,2025-05-14T07:37:13.844505Z,,,1431,CONSENT_REVOKED,CONSENT_REVOKED,CONSENT_REVOKED,CONSENT_REVOKED,CONSENT_REVOKED,CONSENT_REVOKED,CONSENT_REVOKED,CONSENT_REVOKED,CONSENT_REVOKED
6820d38f24b541e819da1ef9,6709b9892c255ccca832882f,RETURNED,Not Applicable,2025-05-11T16:43:20.284000Z,,,2025-05-14T07:37:13.843227Z,,,632,CONSENT_REVOKED,CONSENT_REVOKED,CONSENT_REVOKED,CONSENT_REVOKED,CONSENT_REVOKED,CONSENT_REVOKED,CONSENT_REVOKED,CONSENT_REVOKED,CONSENT_REVOKED
6820d398093ba8ea5e9276bc,67eda1b5c2b6765fa73470f0,RETURNED,Not Applicable,2025-05-11T16:43:13.183000Z,,,2025-05-14T07:37:13.856428Z,,,255,CONSENT_REVOKED,CONSENT_REVOKED,CONSENT_REVOKED,CONSENT_REVOKED,CONSENT_REVOKED,CONSENT_REVOKED,CONSENT_REVOKED,CONSENT_REVOKED,CONSENT_REVOKED
6820d4470c1b53fc378bc5e7,67eb2bd6461dbf31558bcfe5,RETURNED,Not Applicable,2025-05-11T16:46:35.683000Z,,,2025-05-14T07:37:13.849362Z,,,482,CONSENT_REVOKED,CONSENT_REVOKED,CONSENT_REVOKED,CONSENT_REVOKED,CONSENT_REVOKED,CONSENT_REVOKED,CONSENT_REVOKED,CONSENT_REVOKED,CONSENT_REVOKED
6820d483c36d68379be4028e,653581671571d347299832d7,APPROVED,Not Applicable,2025-05-11T16:47:03.686000Z,2025-05-11T17:14:19.779000Z,2025-05-14T07:21:21.568000Z,2025-05-11T17:14:20.341234Z,1637.0,C41MHPUZ,2182,47,Male,Mixed,United States,United States,United States,English,No,Other
6820d7a734c0ebdd0e759b19,63af557b3d4f219c3226b7d6,APPROVED,Not Applicable,2025-05-11T17:00:40.512000Z,2025-05-11T17:26:55.163000Z,2025-05-14T07:21:35.176000Z,2025-05-11T17:26:55.692572Z,1575.0,C41MHPUZ,2952,51,Female,White,United Kingdom,United Kingdom,United Kingdom,English,No,Part-Time
6820dd0450f08e26933af911,5c180a3ac59c17000167491e,RETURNED,Not Applicable,2025-05-11T17:33:16.747000Z,,,2025-05-14T07:37:13.847440Z,,,3995,CONSENT_REVOKED,CONSENT_REVOKED,CONSENT_REVOKED,CONSENT_REVOKED,CONSENT_REVOKED,CONSENT_REVOKED,CONSENT_REVOKED,CONSENT_REVOKED,CONSENT_REVOKED
6820dd163065d2e818add77e,668e88ea6a476e76e0c1993b,APPROVED,Not Applicable,2025-05-11T17:26:06.936000Z,2025-05-11T18:03:40.849000Z,2025-05-14T07:21:43.335000Z,2025-05-11T18:03:41.389382Z,2254.0,C41MHPUZ,654,41,Male,Black,United States,United States,United States,English,DATA_EXPIRED,Full-Time
6820df578b253cb141b06ace,67d87d85d3ae2736a4eb9c34,RETURNED,Not Applicable,2025-05-11T17:33:26.523000Z,,,2025-05-14T07:37:13.850963Z,,,356,CONSENT_REVOKED,CONSENT_REVOKED,CONSENT_REVOKED,CONSENT_REVOKED,CONSENT_REVOKED,CONSENT_REVOKED,CONSENT_REVOKED,CONSENT_REVOKED,CONSENT_REVOKED
6820e207d165330247d715b2,6156fef09d1ab07148870099,APPROVED,Not Applicable,2025-05-11T17:44:42.341000Z,2025-05-11T18:03:39.931000Z,2025-05-14T07:21:49.767000Z,2025-05-11T18:03:42.067880Z,1138.0,C41MHPUZ,3538,48,Female,White,United Kingdom,United Kingdom,United Kingdom,English,No,Full-Time
6820e4c81df47bb37c3e4400,5ea1d789f5c6d70c14fbe739,APPROVED,Not Applicable,2025-05-11T17:56:38.777000Z,2025-05-11T18:33:31.189000Z,2025-05-14T07:21:56.120000Z,2025-05-11T18:33:31.887433Z,2213.0,C41MHPUZ,1001,41,Male,White,United Kingdom,United Kingdom,United Kingdom,English,No,"Not in paid work (e.g. homemaker', 'retired or disabled)"
68216dae0761903266730f7c,604cab384bdb156877c9d031,APPROVED,Not Applicable,2025-05-12T03:41:32.034000Z,2025-05-12T04:14:05.150000Z,2025-05-14T07:22:29.162000Z,2025-05-12T04:14:05.700755Z,1954.0,C41MHPUZ,493,27,Male,Mixed,Australia,Australia,Australia,English,DATA_EXPIRED,Other
68216dae1542b8300c6d771d,5c7ea15cb215c6000122b48d,APPROVED,Not Applicable,2025-05-12T03:40:35.345000Z,2025-05-12T04:11:47.211000Z,2025-05-14T07:22:17.748000Z,2025-05-12T04:11:47.655489Z,1872.0,C41MHPUZ,1258,26,Male,White,United Kingdom,United Kingdom,United Kingdom,English,No,Unemployed (and job seeking)
68216db090c170639836ff58,6628078ec9f3353ac0da6f0b,APPROVED,Not Applicable,2025-05-12T03:41:17.955000Z,2025-05-12T04:23:15.647000Z,2025-05-14T07:23:08.637000Z,2025-05-12T04:23:16.142289Z,2518.0,C41MHPUZ,48,24,Male,White,United States,United States,United States,English,No,Other
68216db0ac347f5ce4a0bd1a,678f0bb28ec3307e4f1afb78,RETURNED,Not Applicable,2025-05-12T03:40:35.762000Z,,,2025-05-14T07:37:13.852473Z,,,1396,CONSENT_REVOKED,CONSENT_REVOKED,CONSENT_REVOKED,CONSENT_REVOKED,CONSENT_REVOKED,CONSENT_REVOKED,CONSENT_REVOKED,CONSENT_REVOKED,CONSENT_REVOKED
68216db129c4093a4b42fafa,67bd6c87f503d16fdf672aad,RETURNED,Not Applicable,2025-05-12T03:40:45.358000Z,,,2025-05-14T07:37:13.863738Z,,,769,CONSENT_REVOKED,CONSENT_REVOKED,CONSENT_REVOKED,CONSENT_REVOKED,CONSENT_REVOKED,CONSENT_REVOKED,CONSENT_REVOKED,CONSENT_REVOKED,CONSENT_REVOKED
68216db181214af359958588,6643be675817fd2a43298a04,APPROVED,Not Applicable,2025-05-12T03:40:55.163000Z,2025-05-12T04:23:08.499000Z,2025-05-14T07:22:42.909000Z,2025-05-12T04:23:09.035294Z,2534.0,C41MHPUZ,1394,29,Female,Mixed,United States,United States,United States,English,No,Unemployed (and job seeking)
68216db21e0c6eb89c4b90bd,65a97afe116a650acc588c5b,RETURNED,Not Applicable,2025-05-12T03:41:02.573000Z,,,2025-05-14T07:37:13.855552Z,,,444,CONSENT_REVOKED,CONSENT_REVOKED,CONSENT_REVOKED,CONSENT_REVOKED,CONSENT_REVOKED,CONSENT_REVOKED,CONSENT_REVOKED,CONSENT_REVOKED,CONSENT_REVOKED
68216db25235505ae70e38d0,63b9ff9f64549294f0abe3c1,RETURNED,Not Applicable,2025-05-12T03:40:45.494000Z,,,2025-05-14T07:37:13.856147Z,,,1878,CONSENT_REVOKED,CONSENT_REVOKED,CONSENT_REVOKED,CONSENT_REVOKED,CONSENT_REVOKED,CONSENT_REVOKED,CONSENT_REVOKED,CONSENT_REVOKED,CONSENT_REVOKED
68216db26348a8edd5a15ecb,674f9a833a135c9fab6590cb,RETURNED,Not Applicable,2025-05-12T03:40:41.563000Z,,,2025-05-14T07:37:13.859506Z,,,376,CONSENT_REVOKED,CONSENT_REVOKED,CONSENT_REVOKED,CONSENT_REVOKED,CONSENT_REVOKED,CONSENT_REVOKED,CONSENT_REVOKED,CONSENT_REVOKED,CONSENT_REVOKED
68216db3db94058af9cf2c7b,60fd6618f9a377f54dcdf318,APPROVED,Not Applicable,2025-05-12T03:40:40.941000Z,2025-05-12T04:07:30.982000Z,2025-05-14T07:22:09.121000Z,2025-05-12T04:07:31.522832Z,1611.0,C41MHPUZ,10117,39,Male,Mixed,United States,United States,United States,English,Yes,Full-Time
68216ddfbbf0c963abf4c6fc,597d52463358830001cad7cf,RETURNED,Not Applicable,2025-05-12T03:41:19.902000Z,,,2025-05-14T07:37:13.861415Z,,,489,CONSENT_REVOKED,CONSENT_REVOKED,CONSENT_REVOKED,CONSENT_REVOKED,CONSENT_REVOKED,CONSENT_REVOKED,CONSENT_REVOKED,CONSENT_REVOKED,CONSENT_REVOKED
68216def653e0b17eff60ded,5d0d16d991270800010b7dd7,APPROVED,Not Applicable,2025-05-12T03:41:40.030000Z,2025-05-12T04:16:32.797000Z,2025-05-14T07:22:22.765000Z,2025-05-12T04:16:33.256052Z,2093.0,C41MHPUZ,5838,38,Male,White,United States,United States,United States,English,No,Full-Time
68216ebb54334f6474a2ea3c,67ed8c413ee1e246af13b598,RETURNED,Not Applicable,2025-05-12T03:45:08.625000Z,,,2025-05-14T07:37:13.860905Z,,,82,CONSENT_REVOKED,CONSENT_REVOKED,CONSENT_REVOKED,CONSENT_REVOKED,CONSENT_REVOKED,CONSENT_REVOKED,CONSENT_REVOKED,CONSENT_REVOKED,CONSENT_REVOKED
68216f35634fedb88ef0ffbe,67ea9ad398b8c9dc73ebce8f,RETURNED,Not Applicable,2025-05-12T03:47:12.214000Z,,,2025-05-14T07:37:13.880361Z,,,315,CONSENT_REVOKED,CONSENT_REVOKED,CONSENT_REVOKED,CONSENT_REVOKED,CONSENT_REVOKED,CONSENT_REVOKED,CONSENT_REVOKED,CONSENT_REVOKED,CONSENT_REVOKED
68216ff6d40ea117ab1f217f,653703627539f3a8b2ed4af3,APPROVED,Not Applicable,2025-05-12T03:50:54.081000Z,2025-05-12T04:05:12.407000Z,2025-05-14T07:22:01.732000Z,2025-05-12T04:05:12.867524Z,859.0,C41MHPUZ,2404,44,Male,White,United States,United States,United States,English,No,Full-Time
68217108a73f6bd1298a395c,66e8f81e357d882730f18be0,RETURNED,Not Applicable,2025-05-12T03:55:18.696000Z,,,2025-05-14T07:37:13.863387Z,,,2779,CONSENT_REVOKED,CONSENT_REVOKED,CONSENT_REVOKED,CONSENT_REVOKED,CONSENT_REVOKED,CONSENT_REVOKED,CONSENT_REVOKED,CONSENT_REVOKED,CONSENT_REVOKED
682171b2226d6d4b62ea9530,676491fbb0941bdbdd359b5c,RETURNED,Not Applicable,2025-05-12T03:58:11.778000Z,,,2025-05-14T07:37:13.864410Z,,,413,CONSENT_REVOKED,CONSENT_REVOKED,CONSENT_REVOKED,CONSENT_REVOKED,CONSENT_REVOKED,CONSENT_REVOKED,CONSENT_REVOKED,CONSENT_REVOKED,CONSENT_REVOKED
682171f9e10b1d894d3dc1b4,66b4deefa32b6bd7b2bdecdf,RETURNED,Not Applicable,2025-05-12T03:59:00.488000Z,,,2025-05-14T07:37:13.868677Z,,,320,CONSENT_REVOKED,CONSENT_REVOKED,CONSENT_REVOKED,CONSENT_REVOKED,CONSENT_REVOKED,CONSENT_REVOKED,CONSENT_REVOKED,CONSENT_REVOKED,CONSENT_REVOKED
682173ee6c5f489ae161c62a,566feba6b937e400052d33b2,RETURNED,Not Applicable,2025-05-12T04:12:24.160000Z,,,2025-05-14T07:37:13.869146Z,,,5611,CONSENT_REVOKED,CONSENT_REVOKED,CONSENT_REVOKED,CONSENT_REVOKED,CONSENT_REVOKED,CONSENT_REVOKED,CONSENT_REVOKED,CONSENT_REVOKED,CONSENT_REVOKED
6821752a4266a9cf187bbce7,67e727e0e5b6fb17d760f39f,RETURNED,Not Applicable,2025-05-12T04:22:26.437000Z,,,2025-05-14T07:37:13.877832Z,,,351,CONSENT_REVOKED,CONSENT_REVOKED,CONSENT_REVOKED,CONSENT_REVOKED,CONSENT_REVOKED,CONSENT_REVOKED,CONSENT_REVOKED,CONSENT_REVOKED,CONSENT_REVOKED
68217624c8ca2090a566b689,59894fbbda239a0001fb8e16,RETURNED,Not Applicable,2025-05-12T04:16:56.128000Z,,,2025-05-14T07:37:13.870588Z,,,6712,CONSENT_REVOKED,CONSENT_REVOKED,CONSENT_REVOKED,CONSENT_REVOKED,CONSENT_REVOKED,CONSENT_REVOKED,CONSENT_REVOKED,CONSENT_REVOKED,CONSENT_REVOKED
682176eb0902495ad7ea9502,6746c680672c3ab45f25efb7,RETURNED,Not Applicable,2025-05-12T04:20:12.386000Z,,,2025-05-14T07:37:13.871740Z,,,936,CONSENT_REVOKED,CONSENT_REVOKED,CONSENT_REVOKED,CONSENT_REVOKED,CONSENT_REVOKED,CONSENT_REVOKED,CONSENT_REVOKED,CONSENT_REVOKED,CONSENT_REVOKED
682177d854334f6474a2ea63,6577a27da9f5297d49f38e6f,RETURNED,Not Applicable,2025-05-12T04:33:52.687000Z,,,2025-05-14T07:37:13.884428Z,,,439,CONSENT_REVOKED,CONSENT_REVOKED,CONSENT_REVOKED,CONSENT_REVOKED,CONSENT_REVOKED,CONSENT_REVOKED,CONSENT_REVOKED,CONSENT_REVOKED,CONSENT_REVOKED
68217800291e16ea08523ab1,665010abb093b763c3e709f8,RETURNED,Not Applicable,2025-05-12T04:25:54.179000Z,,,2025-05-14T07:37:13.882779Z,,,355,CONSENT_REVOKED,CONSENT_REVOKED,CONSENT_REVOKED,CONSENT_REVOKED,CONSENT_REVOKED,CONSENT_REVOKED,CONSENT_REVOKED,CONSENT_REVOKED,CONSENT_REVOKED
68217942e3fb5f30ec8c05e8,5f0d2ad60ad0d6730c380b05,APPROVED,Not Applicable,2025-05-12T04:29:54.980000Z,2025-05-12T05:45:08.395000Z,2025-05-15T01:02:40.310000Z,2025-05-14T09:18:12.400868Z,4514.0,C41MHPUZ,4720,52,Male,DATA_EXPIRED,United States,United States,United States,English,No,DATA_EXPIRED
68217b5ebf40c8452c4c9db9,6772a5c5190112e5dcbf6394,AWAITING REVIEW,Not Applicable,2025-05-12T04:39:02.633000Z,2025-05-12T05:24:12.321000Z,,2025-05-12T05:24:19.885885Z,2710.0,C41MHPUZ,664,63,Male,White,United States,United States,United States,English,No,Part-Time
68217cc4f8264f84138e8757,5ff454f2f0b5ed607169fba6,RETURNED,Not Applicable,2025-05-12T04:54:52.528000Z,,,2025-05-14T07:37:13.880234Z,,,149,CONSENT_REVOKED,CONSENT_REVOKED,CONSENT_REVOKED,CONSENT_REVOKED,CONSENT_REVOKED,CONSENT_REVOKED,CONSENT_REVOKED,CONSENT_REVOKED,CONSENT_REVOKED
68217ce9105411324b6cd7db,66e0878b8a2624c7a7339c19,RETURNED,Not Applicable,2025-05-12T04:45:37.348000Z,,,2025-05-14T07:37:13.880447Z,,,1498,CONSENT_REVOKED,CONSENT_REVOKED,CONSENT_REVOKED,CONSENT_REVOKED,CONSENT_REVOKED,CONSENT_REVOKED,CONSENT_REVOKED,CONSENT_REVOKED,CONSENT_REVOKED
68217d8f9e425dcc887237cf,664c4e829445321c23a8de52,APPROVED,Not Applicable,2025-05-12T04:48:20.675000Z,2025-05-12T05:34:25.846000Z,2025-05-14T07:23:15.357000Z,2025-05-12T05:34:26.394726Z,2766.0,C41MHPUZ,1363,46,Male,DATA_EXPIRED,United States,United States,United States,English,DATA_EXPIRED,DATA_EXPIRED
682187ea3cdb294d57982f56,67e468215085eee5f9feb224,APPROVED,Not Applicable,2025-05-12T05:32:40.863000Z,2025-05-12T06:32:54.528000Z,2025-05-14T07:23:24.431000Z,2025-05-12T06:32:55.208999Z,3614.0,C41MHPUZ,300,21,Male,Black,United States,United States,United States,English,No,DATA_EXPIRED
6824478f7646b14047d306a9,64f3036a5b5f2feae0b1f51b,RETURNED,Not Applicable,2025-05-14T07:35:32.564000Z,,,2025-05-15T03:38:51.997503Z,,,1413,CONSENT_REVOKED,CONSENT_REVOKED,CONSENT_REVOKED,CONSENT_REVOKED,CONSENT_REVOKED,CONSENT_REVOKED,CONSENT_REVOKED,CONSENT_REVOKED,CONSENT_REVOKED
68244790131504fd59120c59,66d9cd06e207a93377f7820e,APPROVED,Not Applicable,2025-05-14T07:35:34.659000Z,2025-05-14T08:11:02.250000Z,2025-05-15T01:03:39.951000Z,2025-05-14T08:11:02.767355Z,2128.0,C41MHPUZ,899,60,Male,White,United Kingdom,United Kingdom,United Kingdom,English,DATA_EXPIRED,DATA_EXPIRED
68244790beac4bf6c8f13dff,67d8cc0a703c167f5f7daf8b,RETURNED,Not Applicable,2025-05-14T07:37:01.641000Z,,,2025-05-15T03:38:51.998926Z,,,603,CONSENT_REVOKED,CONSENT_REVOKED,CONSENT_REVOKED,CONSENT_REVOKED,CONSENT_REVOKED,CONSENT_REVOKED,CONSENT_REVOKED,CONSENT_REVOKED,CONSENT_REVOKED
6824479156dbe3b6e788cc03,67deb8dc47348a9074e0f2f8,RETURNED,Not Applicable,2025-05-14T07:34:55.874000Z,,,2025-05-15T03:38:52.000831Z,,,608,CONSENT_REVOKED,CONSENT_REVOKED,CONSENT_REVOKED,CONSENT_REVOKED,CONSENT_REVOKED,CONSENT_REVOKED,CONSENT_REVOKED,CONSENT_REVOKED,CONSENT_REVOKED
682447920fb9a0e9afa7842f,67e081f6bc68859bea891a87,RETURNED,Not Applicable,2025-05-14T07:34:49.211000Z,,,2025-05-14T07:37:13.908508Z,,,58,CONSENT_REVOKED,CONSENT_REVOKED,CONSENT_REVOKED,CONSENT_REVOKED,CONSENT_REVOKED,CONSENT_REVOKED,CONSENT_REVOKED,CONSENT_REVOKED,CONSENT_REVOKED
68244792ac40a37c2016d509,6773db82cbb90220f9271d38,APPROVED,Not Applicable,2025-05-14T07:35:03.648000Z,2025-05-14T07:58:59.650000Z,2025-05-15T01:03:32.141000Z,2025-05-14T07:59:00.191202Z,1437.0,C41MHPUZ,645,34,Male,Black,Nigeria,United Kingdom,Nigeria,English,No,Full-Time
68244792e2490dddfd45d5a3,67f00280e6ebaa6b01cab394,RETURNED,Not Applicable,2025-05-14T07:35:33.028000Z,,,2025-05-15T03:38:52.002649Z,,,558,CONSENT_REVOKED,CONSENT_REVOKED,CONSENT_REVOKED,CONSENT_REVOKED,CONSENT_REVOKED,CONSENT_REVOKED,CONSENT_REVOKED,CONSENT_REVOKED,CONSENT_REVOKED
68244793765beb23bd2e09ec,67e7ec335ba8f4a40ba03b6a,APPROVED,Not Applicable,2025-05-14T07:34:50.779000Z,2025-05-14T08:42:50.206000Z,2025-05-15T01:04:02.291000Z,2025-05-14T08:42:50.740297Z,4080.0,C41MHPUZ,145,21,Male,Black,United Kingdom,United Kingdom,United Kingdom,English,No,Part-Time
682447937fa775adf093a08e,67d933a6939390178799a6b6,RETURNED,Not Applicable,2025-05-14T07:35:02.863000Z,,,2025-05-15T03:38:52.003756Z,,,856,CONSENT_REVOKED,CONSENT_REVOKED,CONSENT_REVOKED,CONSENT_REVOKED,CONSENT_REVOKED,CONSENT_REVOKED,CONSENT_REVOKED,CONSENT_REVOKED,CONSENT_REVOKED
682447943326ac06c1416d96,5b421b9ac2e3810001763252,RETURNED,Not Applicable,2025-05-14T07:44:44.157000Z,,,2025-05-14T07:37:13.893405Z,,,3938,CONSENT_REVOKED,CONSENT_REVOKED,CONSENT_REVOKED,CONSENT_REVOKED,CONSENT_REVOKED,CONSENT_REVOKED,CONSENT_REVOKED,CONSENT_REVOKED,CONSENT_REVOKED
68244794e3fa13ffadcb7300,675ab3f6c12c9e3fd27046b3,APPROVED,Not Applicable,2025-05-14T07:34:50.569000Z,2025-05-14T07:51:07.134000Z,2025-05-15T01:03:21.955000Z,2025-05-14T07:51:07.608141Z,977.0,C41MHPUZ,169,31,Female,White,United Kingdom,United Kingdom,United Kingdom,English,No,Full-Time
68244794ffbed532ef4bbb23,67e325da1d042bae7c4c646c,APPROVED,Not Applicable,2025-05-14T07:35:04.539000Z,2025-05-14T08:30:57.810000Z,2025-05-15T01:03:49.836000Z,2025-05-14T08:30:58.334600Z,3354.0,C41MHPUZ,234,37,Female,White,United States,United States,United States,English,No,Part-Time
68244795dbd50c2a5730590f,67a908afd56a6f9e4bf0d17d,RETURNED,Not Applicable,2025-05-14T07:35:18.342000Z,,,2025-05-15T03:38:52.003749Z,,,800,CONSENT_REVOKED,CONSENT_REVOKED,CONSENT_REVOKED,CONSENT_REVOKED,CONSENT_REVOKED,CONSENT_REVOKED,CONSENT_REVOKED,CONSENT_REVOKED,CONSENT_REVOKED
6824479c3bdcdb6c4d40e90c,67f022106ad0faa2c6c7b89e,RETURNED,Not Applicable,2025-05-14T07:35:08.394000Z,,,2025-05-15T03:38:52.007646Z,,,635,CONSENT_REVOKED,CONSENT_REVOKED,CONSENT_REVOKED,CONSENT_REVOKED,CONSENT_REVOKED,CONSENT_REVOKED,CONSENT_REVOKED,CONSENT_REVOKED,CONSENT_REVOKED
6824480850bcc19b7387e3d7,680ec630bc2232d82dc78119,TIMED-OUT,Not Applicable,2025-05-14T07:36:46.567000Z,,,2025-05-14T07:37:13.901999Z,28.0,,191,62,Male,White,United States,United States,United States,English,No,Full-Time
68244902bc740eeeb4cd61a5,67cf4b70e6b8ec5652552042,RETURNED,Not Applicable,2025-05-14T07:40:56.635000Z,,,2025-05-15T03:38:52.008926Z,,,541,CONSENT_REVOKED,CONSENT_REVOKED,CONSENT_REVOKED,CONSENT_REVOKED,CONSENT_REVOKED,CONSENT_REVOKED,CONSENT_REVOKED,CONSENT_REVOKED,CONSENT_REVOKED
6824497ebd1cadcb7c7b72f0,66ec8f7ce843d25227820f97,RETURNED,Not Applicable,2025-05-14T07:44:03.922000Z,,,2025-05-15T03:38:52.014589Z,,,670,CONSENT_REVOKED,CONSENT_REVOKED,CONSENT_REVOKED,CONSENT_REVOKED,CONSENT_REVOKED,CONSENT_REVOKED,CONSENT_REVOKED,CONSENT_REVOKED,CONSENT_REVOKED
68244a9163a83c7660b98b47,66b4deefa32b6bd7b2bdecdf,RETURNED,Not Applicable,2025-05-14T07:47:53.047000Z,,,2025-05-15T03:38:52.015219Z,,,324,CONSENT_REVOKED,CONSENT_REVOKED,CONSENT_REVOKED,CONSENT_REVOKED,CONSENT_REVOKED,CONSENT_REVOKED,CONSENT_REVOKED,CONSENT_REVOKED,CONSENT_REVOKED
68244b707d606e68ab332732,64f3036a5b5f2feae0b1f51b,RETURNED,Not Applicable,2025-05-14T08:01:12.949000Z,,,2025-05-15T03:38:52.014736Z,,,1413,CONSENT_REVOKED,CONSENT_REVOKED,CONSENT_REVOKED,CONSENT_REVOKED,CONSENT_REVOKED,CONSENT_REVOKED,CONSENT_REVOKED,CONSENT_REVOKED,CONSENT_REVOKED
68244bbd0e9b11e4b2a3c1b4,67d48b7362db1d5aa25093c4,APPROVED,Not Applicable,2025-05-14T07:54:07.789000Z,2025-05-14T08:33:56.169000Z,2025-05-15T01:03:56.603000Z,2025-05-14T08:33:56.781052Z,2389.0,C41MHPUZ,491,34,Male,White,United States,United States,United States,English,DATA_EXPIRED,Full-Time
68244bd4b11f0dc7b96b6211,66894af85d486bf277cfa44b,APPROVED,Not Applicable,2025-05-14T07:52:56.035000Z,2025-05-14T09:07:59.543000Z,2025-05-15T01:04:21.893000Z,2025-05-14T09:08:00.182334Z,4504.0,C41MHPUZ,97,48,Female,White,United Kingdom,United Kingdom,United Kingdom,English,No,Other
68244bfc2b4160c9c53fd318,67f2caa16997ecb9a6b9854d,APPROVED,Not Applicable,2025-05-14T07:53:45.495000Z,2025-05-14T09:04:40.126000Z,2025-05-15T01:04:15.803000Z,2025-05-14T09:04:40.833023Z,4255.0,C41MHPUZ,423,26,Male,White,United States,United States,United States,English,DATA_EXPIRED,DATA_EXPIRED
68244c28d698f9d1e49211b5,67ef47a4d9a5609e7b76879e,TIMED-OUT,Not Applicable,2025-05-14T07:54:26.404000Z,,,2025-05-15T03:38:52.014681Z,71066.0,,390,48,Male,Black,United States,United States,United States,English,DATA_EXPIRED,Part-Time
68244cb7917f74afc92127ea,66e532bad00e2639412af721,APPROVED,Not Applicable,2025-05-14T07:58:18.289000Z,2025-05-14T08:52:23.253000Z,2025-05-15T01:04:07.898000Z,2025-05-14T08:52:23.812991Z,3245.0,C41MHPUZ,410,34,Female,Black,South Africa,United Kingdom,South Africa,English,DATA_EXPIRED,DATA_EXPIRED
68244e109eb240970e8aef09,6772a5c5190112e5dcbf6394,AWAITING REVIEW,Not Applicable,2025-05-14T08:02:30.714000Z,2025-05-14T08:30:00.139000Z,,2025-05-14T08:30:06.198375Z,1650.0,C41MHPUZ,676,63,Male,White,United States,United States,United States,English,No,Part-Time
6824589e2c3d06b646c1503d,67ee651a71cc1871876eb32b,RETURNED,Not Applicable,2025-05-14T08:47:30.799000Z,,,2025-05-15T03:38:52.015259Z,,,350,CONSENT_REVOKED,CONSENT_REVOKED,CONSENT_REVOKED,CONSENT_REVOKED,CONSENT_REVOKED,CONSENT_REVOKED,CONSENT_REVOKED,CONSENT_REVOKED,CONSENT_REVOKED
68245b99edc10bfa3b230e89,6783ebc2e89b75d66d952f41,RETURNED,Not Applicable,2025-05-14T09:00:13.418000Z,,,2025-05-15T03:38:52.015882Z,,,463,CONSENT_REVOKED,CONSENT_REVOKED,CONSENT_REVOKED,CONSENT_REVOKED,CONSENT_REVOKED,CONSENT_REVOKED,CONSENT_REVOKED,CONSENT_REVOKED,CONSENT_REVOKED
68245bbed56753fae1ea763c,68195c599dbba28865b3bd56,AWAITING REVIEW,Not Applicable,2025-05-14T09:00:55.153000Z,2025-05-14T09:33:44.263000Z,,2025-05-14T09:33:44.855818Z,1970.0,68195c599dbba28865b3bd56,59,24,Female,White,Mexico,United States,United States,English,No,Part-Time
68245e8f78b7a8924f87b3fb,66b5172c8f0bd3b23ce66c22,RETURNED,Not Applicable,2025-05-14T09:12:56.987000Z,,,2025-05-15T03:38:52.020263Z,,,231,CONSENT_REVOKED,CONSENT_REVOKED,CONSENT_REVOKED,CONSENT_REVOKED,CONSENT_REVOKED,CONSENT_REVOKED,CONSENT_REVOKED,CONSENT_REVOKED,CONSENT_REVOKED
68245f21182af46220c1f0c7,681d183d51405fc18c484609,RETURNED,Not Applicable,2025-05-14T09:15:21.586000Z,,,2025-05-15T03:38:52.022177Z,,,36,CONSENT_REVOKED,CONSENT_REVOKED,CONSENT_REVOKED,CONSENT_REVOKED,CONSENT_REVOKED,CONSENT_REVOKED,CONSENT_REVOKED,CONSENT_REVOKED,CONSENT_REVOKED
6824619bc866fed481bc1414,5654166804212700054a12aa,RETURNED,Not Applicable,2025-05-14T09:35:47.231000Z,,,2025-05-15T03:38:52.025895Z,,,3730,CONSENT_REVOKED,CONSENT_REVOKED,CONSENT_REVOKED,CONSENT_REVOKED,CONSENT_REVOKED,CONSENT_REVOKED,CONSENT_REVOKED,CONSENT_REVOKED,CONSENT_REVOKED
682461aceab71a2406e6ecea,59e8f20262637600014a7e75,RETURNED,Not Applicable,2025-05-14T09:26:08.476000Z,,,2025-05-15T03:38:52.027423Z,,,1235,CONSENT_REVOKED,CONSENT_REVOKED,CONSENT_REVOKED,CONSENT_REVOKED,CONSENT_REVOKED,CONSENT_REVOKED,CONSENT_REVOKED,CONSENT_REVOKED,CONSENT_REVOKED
6824624906e7c986a5c1f186,67b816f474ae7757b2ae4f4f,APPROVED,Not Applicable,2025-05-14T09:30:13.980000Z,2025-05-14T10:08:09.700000Z,2025-05-15T01:14:28.114000Z,2025-05-14T10:08:10.299355Z,2276.0,C41MHPUZ,713,40,Female,White,United States,United States,United States,English,No,Full-Time
682466998b5340d1672aa2df,67dbe2c38614c922a6a8dbe5,APPROVED,Not Applicable,2025-05-14T09:47:13.716000Z,2025-05-14T10:10:34.608000Z,2025-05-15T01:05:27.243000Z,2025-05-14T10:12:50.009196Z,1401.0,C41MHPUZ,276,51,Female,White,United Kingdom,United Kingdom,United Kingdom,English,No,Full-Time
68249db91f20802f4c1a2396,6658c4239af9537eefdfbcc9,RETURNED,Not Applicable,2025-05-14T13:42:22.211000Z,,,2025-05-15T03:38:52.029299Z,,,762,CONSENT_REVOKED,CONSENT_REVOKED,CONSENT_REVOKED,CONSENT_REVOKED,CONSENT_REVOKED,CONSENT_REVOKED,CONSENT_REVOKED,CONSENT_REVOKED,CONSENT_REVOKED
68249dbacc3196be5cce206c,6596d15e8b04c4874343a715,AWAITING REVIEW,Not Applicable,2025-05-14T13:42:26.779000Z,2025-05-14T13:50:30.728000Z,,2025-05-14T13:50:31.279292Z,484.0,C41MHPUZ,731,45,Female,White,United Kingdom,United Kingdom,United Kingdom,English,No,Part-Time
68249dbb777895775b3727b7,67d20620c8e4b6f823d6c3e4,APPROVED,Not Applicable,2025-05-14T13:45:41.702000Z,2025-05-14T14:25:28.432000Z,2025-05-15T01:06:21.496000Z,2025-05-14T14:25:28.974024Z,2387.0,C41MHPUZ,371,30,Female,White,United States,United States,United States,English,No,Full-Time
68249dbbbd041329d3c83da3,65fae5364f7c7bd6c75658b6,APPROVED,Not Applicable,2025-05-14T13:42:55.476000Z,2025-05-14T14:30:44.547000Z,2025-05-15T01:06:26.867000Z,2025-05-14T14:30:44.991400Z,2870.0,C41MHPUZ,1298,54,Female,White,United States,United States,United States,Armenian,No,Full-Time
68249dbc3f22aee8dc5ed651,6544fd514964fea23051c3b7,APPROVED,Not Applicable,2025-05-14T13:42:35.715000Z,2025-05-14T14:47:39.758000Z,2025-05-15T01:06:34.138000Z,2025-05-14T14:47:40.307498Z,3905.0,C41MHPUZ,734,38,Male,Black,Nigeria,Canada,Canada,English,No,DATA_EXPIRED
68249dbcc54bdc31b8147b4b,5a2f1f0f2937000001eae2b1,APPROVED,Not Applicable,2025-05-14T13:44:22.311000Z,2025-05-14T14:54:33.833000Z,2025-05-15T01:06:47.944000Z,2025-05-14T14:54:34.344834Z,4212.0,C41MHPUZ,1135,32,Male,White,United States,United States,United States,English,DATA_EXPIRED,DATA_EXPIRED
68249dbd635da5eaa630d382,566feba6b937e400052d33b2,RETURNED,Not Applicable,2025-05-14T13:44:08.823000Z,,,2025-05-15T03:38:52.030739Z,,,5627,CONSENT_REVOKED,CONSENT_REVOKED,CONSENT_REVOKED,CONSENT_REVOKED,CONSENT_REVOKED,CONSENT_REVOKED,CONSENT_REVOKED,CONSENT_REVOKED,CONSENT_REVOKED
68249dbdbe8648d6d0423ee4,68164650dd74ce8c307b9e7a,RETURNED,Not Applicable,2025-05-14T13:42:35.893000Z,,,2025-05-15T03:38:52.032876Z,,,292,CONSENT_REVOKED,CONSENT_REVOKED,CONSENT_REVOKED,CONSENT_REVOKED,CONSENT_REVOKED,CONSENT_REVOKED,CONSENT_REVOKED,CONSENT_REVOKED,CONSENT_REVOKED
68249dbe33a30754a6c04aec,677d99129a69144291bf24bd,RETURNED,Not Applicable,2025-05-14T13:42:32.492000Z,,,2025-05-15T03:38:52.030350Z,,,979,CONSENT_REVOKED,CONSENT_REVOKED,CONSENT_REVOKED,CONSENT_REVOKED,CONSENT_REVOKED,CONSENT_REVOKED,CONSENT_REVOKED,CONSENT_REVOKED,CONSENT_REVOKED
68249dbe6c9a9cb2481b62a8,6792875c482bccc3bbe143f2,APPROVED,Not Applicable,2025-05-14T13:42:25.861000Z,2025-05-14T14:11:56.871000Z,2025-05-15T01:05:59.007000Z,2025-05-14T14:11:57.489566Z,1772.0,C41MHPUZ,299,36,Female,White,United Kingdom,United Kingdom,United Kingdom,English,No,Full-Time
68249de45cb1f47a6071b8ac,67f03aa0d4e97690b399137f,RETURNED,Not Applicable,2025-05-14T13:43:38.970000Z,,,2025-05-15T03:38:52.033450Z,,,161,CONSENT_REVOKED,CONSENT_REVOKED,CONSENT_REVOKED,CONSENT_REVOKED,CONSENT_REVOKED,CONSENT_REVOKED,CONSENT_REVOKED,CONSENT_REVOKED,CONSENT_REVOKED
68249dfe10defce02086c451,6779cadff8dc4ddeecc54ce2,APPROVED,Not Applicable,2025-05-14T13:43:44.372000Z,2025-05-14T14:48:51.615000Z,2025-05-15T01:06:40.776000Z,2025-05-14T14:48:52.168416Z,3908.0,C41MHPUZ,345,52,Male,White,United States,United Kingdom,United States,English,No,Full-Time
68249e1334d03ec3cb114a54,5c50efd2cc71f4000125ce0d,RETURNED,Not Applicable,2025-05-14T13:43:57.906000Z,,,2025-05-15T03:38:52.031708Z,,,2466,CONSENT_REVOKED,CONSENT_REVOKED,CONSENT_REVOKED,CONSENT_REVOKED,CONSENT_REVOKED,CONSENT_REVOKED,CONSENT_REVOKED,CONSENT_REVOKED,CONSENT_REVOKED
6824a017a8ef73a20cccbe67,678557116f825dad357b623c,APPROVED,Not Applicable,2025-05-14T13:52:26.581000Z,2025-05-14T14:20:50.631000Z,2025-05-15T01:06:14.696000Z,2025-05-14T14:20:51.188828Z,1705.0,C41MHPUZ,1355,34,Male,White,United States,United States,United States,English,No,Full-Time
6824a07a34a0ad51e04e7203,6173c5b0aa4bc2370fd2c1f2,RETURNED,Not Applicable,2025-05-14T13:54:05.711000Z,,,2025-05-15T03:38:52.038025Z,,,2226,CONSENT_REVOKED,CONSENT_REVOKED,CONSENT_REVOKED,CONSENT_REVOKED,CONSENT_REVOKED,CONSENT_REVOKED,CONSENT_REVOKED,CONSENT_REVOKED,CONSENT_REVOKED
6824a11148e62c9e0751f0de,67593335dee749db683beb3c,RETURNED,Not Applicable,2025-05-14T13:57:20.935000Z,,,2025-05-15T03:38:52.041547Z,,,430,CONSENT_REVOKED,CONSENT_REVOKED,CONSENT_REVOKED,CONSENT_REVOKED,CONSENT_REVOKED,CONSENT_REVOKED,CONSENT_REVOKED,CONSENT_REVOKED,CONSENT_REVOKED
6824a11bc8bd7956b34e6e45,6734acb87201d0735d63632c,RETURNED,Not Applicable,2025-05-14T13:56:45.861000Z,,,2025-05-15T03:38:52.040372Z,,,496,CONSENT_REVOKED,CONSENT_REVOKED,CONSENT_REVOKED,CONSENT_REVOKED,CONSENT_REVOKED,CONSENT_REVOKED,CONSENT_REVOKED,CONSENT_REVOKED,CONSENT_REVOKED
6824a161ad2774b15dc245dd,672ab38f104e8899317d9fda,REJECTED,Not Applicable,2025-05-14T14:01:40.772000Z,2025-05-14T15:05:20.936000Z,2025-05-15T01:57:52.364000Z,2025-05-15T03:38:52.039512Z,3821.0,NOCODE,850,CONSENT_REVOKED,CONSENT_REVOKED,CONSENT_REVOKED,CONSENT_REVOKED,CONSENT_REVOKED,CONSENT_REVOKED,CONSENT_REVOKED,CONSENT_REVOKED,CONSENT_REVOKED
6824a9adc0414182c370ae97,5e40b0eae8e4b32f3a3ebe6f,RETURNED,Not Applicable,2025-05-14T14:43:17.128000Z,,,2025-05-15T03:38:52.042991Z,,,4816,CONSENT_REVOKED,CONSENT_REVOKED,CONSENT_REVOKED,CONSENT_REVOKED,CONSENT_REVOKED,CONSENT_REVOKED,CONSENT_REVOKED,CONSENT_REVOKED,CONSENT_REVOKED
6824a9b62e8f3396068b1a00,67f24db46f1c4a3d8deb003e,RETURNED,Not Applicable,2025-05-14T14:33:45.904000Z,,,2025-05-15T03:38:52.043701Z,,,430,CONSENT_REVOKED,CONSENT_REVOKED,CONSENT_REVOKED,CONSENT_REVOKED,CONSENT_REVOKED,CONSENT_REVOKED,CONSENT_REVOKED,CONSENT_REVOKED,CONSENT_REVOKED
6824aaffa8c84c7ca9ca9bb9,64f3036a5b5f2feae0b1f51b,RETURNED,Not Applicable,2025-05-14T14:48:55.897000Z,,,2025-05-15T03:38:52.043191Z,,,1413,CONSENT_REVOKED,CONSENT_REVOKED,CONSENT_REVOKED,CONSENT_REVOKED,CONSENT_REVOKED,CONSENT_REVOKED,CONSENT_REVOKED,CONSENT_REVOKED,CONSENT_REVOKED
6824ab40ad603aa4aafabde1,671309eee1f4753b1cdeed82,RETURNED,Not Applicable,2025-05-14T14:43:40.194000Z,,,2025-05-15T03:38:52.046975Z,,,637,CONSENT_REVOKED,CONSENT_REVOKED,CONSENT_REVOKED,CONSENT_REVOKED,CONSENT_REVOKED,CONSENT_REVOKED,CONSENT_REVOKED,CONSENT_REVOKED,CONSENT_REVOKED
6824ac6107ea9be37d099feb,66e0ff9d08256be084cd8c81,RETURNED,Not Applicable,2025-05-14T14:54:49.978000Z,,,2025-05-15T03:38:52.051824Z,,,1808,CONSENT_REVOKED,CONSENT_REVOKED,CONSENT_REVOKED,CONSENT_REVOKED,CONSENT_REVOKED,CONSENT_REVOKED,CONSENT_REVOKED,CONSENT_REVOKED,CONSENT_REVOKED
6824ac6f940e59295d8643dd,6765829a949d1203926e1ade,RETURNED,Not Applicable,2025-05-14T14:48:02.698000Z,,,2025-05-15T03:38:52.049230Z,,,160,CONSENT_REVOKED,CONSENT_REVOKED,CONSENT_REVOKED,CONSENT_REVOKED,CONSENT_REVOKED,CONSENT_REVOKED,CONSENT_REVOKED,CONSENT_REVOKED,CONSENT_REVOKED
6824ae10a68005e7a9f4667b,6638e8aa3d1f38846080806a,AWAITING REVIEW,Not Applicable,2025-05-14T14:52:05.063000Z,2025-05-14T15:05:56.321000Z,,2025-05-14T15:05:57.016488Z,832.0,C41MHPUZ,2738,26,Male,Mixed,Brazil,United States,United States,English,No,Full-Time
6824c612bb35bf69d2f69800,67eade9122bddfb4cd165d09,RETURNED,Not Applicable,2025-05-14T16:34:37.112000Z,,,2025-05-15T03:38:52.055104Z,,,551,CONSENT_REVOKED,CONSENT_REVOKED,CONSENT_REVOKED,CONSENT_REVOKED,CONSENT_REVOKED,CONSENT_REVOKED,CONSENT_REVOKED,CONSENT_REVOKED,CONSENT_REVOKED
6824c613a376ea29835c2e65,5ef5f74fb4a08f2676fb3aba,AWAITING REVIEW,Not Applicable,2025-05-14T16:34:40.538000Z,2025-05-14T16:40:57.350000Z,,2025-05-15T03:38:52.069916Z,377.0,NOCODE,3624,54,Female,White,United Kingdom,United Kingdom,United Kingdom,English,No,Full-Time
6824c614ce97163700b79998,673f2fae67d5542df12c7e88,RETURNED,Not Applicable,2025-05-14T16:34:36.146000Z,,,2025-05-15T03:38:52.068213Z,,,247,CONSENT_REVOKED,CONSENT_REVOKED,CONSENT_REVOKED,CONSENT_REVOKED,CONSENT_REVOKED,CONSENT_REVOKED,CONSENT_REVOKED,CONSENT_REVOKED,CONSENT_REVOKED
6824c61517817bbe42e1570c,6561435b409147a77be889dd,RETURNED,Not Applicable,2025-05-14T16:34:40.636000Z,,,2025-05-15T03:38:52.064752Z,,,2584,CONSENT_REVOKED,CONSENT_REVOKED,CONSENT_REVOKED,CONSENT_REVOKED,CONSENT_REVOKED,CONSENT_REVOKED,CONSENT_REVOKED,CONSENT_REVOKED,CONSENT_REVOKED
6824c61653aff7ebf32e0b76,609140cea1442672dd2141d7,RETURNED,Not Applicable,2025-05-14T16:34:34.577000Z,,,2025-05-15T03:38:52.072786Z,,,2350,CONSENT_REVOKED,CONSENT_REVOKED,CONSENT_REVOKED,CONSENT_REVOKED,CONSENT_REVOKED,CONSENT_REVOKED,CONSENT_REVOKED,CONSENT_REVOKED,CONSENT_REVOKED
6824c6167f7e3c4222ba4403,67c71b1e1c4622620884df57,RETURNED,Not Applicable,2025-05-14T16:34:36.829000Z,,,2025-05-15T03:38:52.062484Z,,,103,CONSENT_REVOKED,CONSENT_REVOKED,CONSENT_REVOKED,CONSENT_REVOKED,CONSENT_REVOKED,CONSENT_REVOKED,CONSENT_REVOKED,CONSENT_REVOKED,CONSENT_REVOKED
6824c616b3a26fef099c8a59,5c8ba607c5366c0001d022cb,RETURNED,Not Applicable,2025-05-14T16:34:45.313000Z,,,2025-05-15T03:38:52.067862Z,,,3940,CONSENT_REVOKED,CONSENT_REVOKED,CONSENT_REVOKED,CONSENT_REVOKED,CONSENT_REVOKED,CONSENT_REVOKED,CONSENT_REVOKED,CONSENT_REVOKED,CONSENT_REVOKED
6824c61776ddf19e5595b287,67e9567ab7e65c3cc9b56193,RETURNED,Not Applicable,2025-05-14T16:35:20.975000Z,,,2025-05-15T03:38:52.068655Z,,,452,CONSENT_REVOKED,CONSENT_REVOKED,CONSENT_REVOKED,CONSENT_REVOKED,CONSENT_REVOKED,CONSENT_REVOKED,CONSENT_REVOKED,CONSENT_REVOKED,CONSENT_REVOKED
6824c617a548282e8aa78a72,67307f87eac0c3717c72d175,RETURNED,Not Applicable,2025-05-14T16:34:50.037000Z,,,2025-05-15T03:38:52.072755Z,,,526,CONSENT_REVOKED,CONSENT_REVOKED,CONSENT_REVOKED,CONSENT_REVOKED,CONSENT_REVOKED,CONSENT_REVOKED,CONSENT_REVOKED,CONSENT_REVOKED,CONSENT_REVOKED
6824c631652514007e739833,6777eb7c66ceadfcff6ef732,RETURNED,Not Applicable,2025-05-14T16:35:06.627000Z,,,2025-05-15T03:38:52.067635Z,,,371,CONSENT_REVOKED,CONSENT_REVOKED,CONSENT_REVOKED,CONSENT_REVOKED,CONSENT_REVOKED,CONSENT_REVOKED,CONSENT_REVOKED,CONSENT_REVOKED,CONSENT_REVOKED
6824c68a8ba2ad09dc965fbc,57b77ad86615e5000160ea97,RETURNED,Not Applicable,2025-05-14T16:36:35.199000Z,,,2025-05-15T03:38:52.079637Z,,,428,CONSENT_REVOKED,CONSENT_REVOKED,CONSENT_REVOKED,CONSENT_REVOKED,CONSENT_REVOKED,CONSENT_REVOKED,CONSENT_REVOKED,CONSENT_REVOKED,CONSENT_REVOKED
6824c68fc697b3bf40ac2d70,6737a0b2b1890bd3b431dd2e,AWAITING REVIEW,Not Applicable,2025-05-14T16:37:11.306000Z,2025-05-14T17:04:12.816000Z,,2025-05-14T17:04:13.434309Z,1622.0,C41MHPUZ,1251,50,Male,White,United States,United States,United States,English,No,Full-Time
6824c699270b0f5d1d6556b9,667b24c6c25f7a12d08d9ab6,REJECTED,Not Applicable,2025-05-14T16:36:45.081000Z,2025-05-14T17:42:02.062000Z,2025-05-15T01:58:22.164000Z,2025-05-15T03:38:52.075968Z,3917.0,NOCODE,548,CONSENT_REVOKED,CONSENT_REVOKED,CONSENT_REVOKED,CONSENT_REVOKED,CONSENT_REVOKED,CONSENT_REVOKED,CONSENT_REVOKED,CONSENT_REVOKED,CONSENT_REVOKED
6824c71df3994d63664fe00d,667dcf1309a59ce9ec44022b,RETURNED,Not Applicable,2025-05-14T16:39:01.063000Z,,,2025-05-15T03:38:52.077669Z,,,668,CONSENT_REVOKED,CONSENT_REVOKED,CONSENT_REVOKED,CONSENT_REVOKED,CONSENT_REVOKED,CONSENT_REVOKED,CONSENT_REVOKED,CONSENT_REVOKED,CONSENT_REVOKED
6824c7d4ff105d98ad973e72,67323a74da6bebd682404f74,RETURNED,Not Applicable,2025-05-14T16:42:30.463000Z,,,2025-05-15T03:38:52.072289Z,,,584,CONSENT_REVOKED,CONSENT_REVOKED,CONSENT_REVOKED,CONSENT_REVOKED,CONSENT_REVOKED,CONSENT_REVOKED,CONSENT_REVOKED,CONSENT_REVOKED,CONSENT_REVOKED
6824c7e321e7486e69421ca1,67cf5ec3ba426f48883865b2,TIMED-OUT,Not Applicable,2025-05-14T16:43:51.666000Z,,,2025-05-15T03:38:52.077312Z,39301.0,,201,61,Female,White,United Kingdom,United Kingdom,United Kingdom,English,No,"Not in paid work (e.g. homemaker', 'retired or disabled)"
6824c85673bf44f9e07385d3,667a2a09c4912ebdc9078387,RETURNED,Not Applicable,2025-05-14T16:44:18.723000Z,,,2025-05-15T03:38:52.084147Z,,,2087,CONSENT_REVOKED,CONSENT_REVOKED,CONSENT_REVOKED,CONSENT_REVOKED,CONSENT_REVOKED,CONSENT_REVOKED,CONSENT_REVOKED,CONSENT_REVOKED,CONSENT_REVOKED
6824c8c9792578345de6ec16,6810266585131bd7389d0bcc,RETURNED,Not Applicable,2025-05-14T16:46:07.282000Z,,,2025-05-15T03:38:52.077576Z,,,25,CONSENT_REVOKED,CONSENT_REVOKED,CONSENT_REVOKED,CONSENT_REVOKED,CONSENT_REVOKED,CONSENT_REVOKED,CONSENT_REVOKED,CONSENT_REVOKED,CONSENT_REVOKED
6824c95c3f535e708cc8c69f,67acbb030811018b016dcaf7,APPROVED,Not Applicable,2025-05-14T16:48:33.442000Z,2025-05-14T17:01:27.323000Z,2025-05-15T01:07:02.074000Z,2025-05-14T17:01:27.961985Z,774.0,C41MHPUZ,289,24,Male,White,Canada,Canada,Canada,English,No,Full-Time
6824ca080d93b129e0dfde6d,67b816f474ae7757b2ae4f4f,APPROVED,Not Applicable,2025-05-14T16:54:26.180000Z,2025-05-14T17:37:24.218000Z,2025-05-15T01:09:42.382000Z,2025-05-14T17:37:36.748809Z,2579.0,C41MHPUZ,715,40,Female,White,United States,United States,United States,English,No,Full-Time
6824ca558c709e6975a85a63,66742c4307bb2004831faaef,RETURNED,Not Applicable,2025-05-14T16:52:45.363000Z,,,2025-05-15T03:38:52.086713Z,,,590,CONSENT_REVOKED,CONSENT_REVOKED,CONSENT_REVOKED,CONSENT_REVOKED,CONSENT_REVOKED,CONSENT_REVOKED,CONSENT_REVOKED,CONSENT_REVOKED,CONSENT_REVOKED
6824cb2bc8f4d8046c8fa7b9,67db0ab4a34d41e111f3a61b,RETURNED,Not Applicable,2025-05-14T16:56:31.156000Z,,,2025-05-15T03:38:52.085821Z,,,433,CONSENT_REVOKED,CONSENT_REVOKED,CONSENT_REVOKED,CONSENT_REVOKED,CONSENT_REVOKED,CONSENT_REVOKED,CONSENT_REVOKED,CONSENT_REVOKED,CONSENT_REVOKED
6824cc521c91dd89fb68d8d3,67f25123da45cde78b9b45bc,APPROVED,Not Applicable,2025-05-14T17:01:36.212000Z,2025-05-14T17:38:52.837000Z,2025-05-15T01:10:06.186000Z,2025-05-14T17:38:53.399409Z,2237.0,C41MHPUZ,607,32,Female,White,United States,United States,United States,English,No,Full-Time
6824cc58ddf2c891cfe6ec77,5efe8c25e921d23a9daec079,RETURNED,Not Applicable,2025-05-14T17:01:17.981000Z,,,2025-05-15T03:38:52.091960Z,,,1814,CONSENT_REVOKED,CONSENT_REVOKED,CONSENT_REVOKED,CONSENT_REVOKED,CONSENT_REVOKED,CONSENT_REVOKED,CONSENT_REVOKED,CONSENT_REVOKED,CONSENT_REVOKED
6824ce5fa16e92cd4de11ff9,67acbb030811018b016dcaf7,APPROVED,Not Applicable,2025-05-14T17:09:56.705000Z,2025-05-14T17:23:11.530000Z,2025-05-15T01:07:02.729000Z,2025-05-14T17:23:12.083638Z,795.0,C41MHPUZ,289,24,Male,White,Canada,Canada,Canada,English,No,Full-Time
6824cf33472ef097235fb38d,67db1f4f68456aec07341d5b,RETURNED,Not Applicable,2025-05-14T17:14:02.556000Z,,,2025-05-15T03:38:52.089168Z,,,299,CONSENT_REVOKED,CONSENT_REVOKED,CONSENT_REVOKED,CONSENT_REVOKED,CONSENT_REVOKED,CONSENT_REVOKED,CONSENT_REVOKED,CONSENT_REVOKED,CONSENT_REVOKED
6824d33ed9ffc1594b49e5ba,5f61023f891bb903b975dbee,RETURNED,Not Applicable,2025-05-14T17:40:38.603000Z,,,2025-05-15T03:38:52.091682Z,,,2175,CONSENT_REVOKED,CONSENT_REVOKED,CONSENT_REVOKED,CONSENT_REVOKED,CONSENT_REVOKED,CONSENT_REVOKED,CONSENT_REVOKED,CONSENT_REVOKED,CONSENT_REVOKED
6824d34b1b3ad743b79e2681,66eada82e2a59d472d2dd086,REJECTED,Not Applicable,2025-05-14T17:30:55.774000Z,2025-05-14T17:40:41.157000Z,2025-05-15T01:59:18.608000Z,2025-05-15T03:38:52.091357Z,586.0,NOCODE,42,CONSENT_REVOKED,CONSENT_REVOKED,CONSENT_REVOKED,CONSENT_REVOKED,CONSENT_REVOKED,CONSENT_REVOKED,CONSENT_REVOKED,CONSENT_REVOKED,CONSENT_REVOKED
6824d82825de38fd3a634fc7,656627fe62e45519ccf23670,RETURNED,Not Applicable,2025-05-14T17:51:41.394000Z,,,2025-05-15T03:38:52.106839Z,,,144,CONSENT_REVOKED,CONSENT_REVOKED,CONSENT_REVOKED,CONSENT_REVOKED,CONSENT_REVOKED,CONSENT_REVOKED,CONSENT_REVOKED,CONSENT_REVOKED,CONSENT_REVOKED
6824d82990cbea6b920c3fa3,6147c5874b61952e42e9b2bd,APPROVED,Not Applicable,2025-05-14T17:51:39.705000Z,2025-05-14T18:24:21.831000Z,2025-05-15T01:11:51.298000Z,2025-05-14T18:24:22.438075Z,1963.0,C41MHPUZ,1924,28,Male,White,United Kingdom,United Kingdom,United Kingdom,English,No,Unemployed (and job seeking)
6824d82a824f9cc1a87b4786,5997043dbbe84800017964a7,RETURNED,Not Applicable,2025-05-14T17:51:44.749000Z,,,2025-05-15T03:38:52.113667Z,,,1391,CONSENT_REVOKED,CONSENT_REVOKED,CONSENT_REVOKED,CONSENT_REVOKED,CONSENT_REVOKED,CONSENT_REVOKED,CONSENT_REVOKED,CONSENT_REVOKED,CONSENT_REVOKED
6824d82bce9713a8a3f65a42,5fff2877a99bcb65a14a223c,REJECTED,Not Applicable,2025-05-14T17:51:39.436000Z,2025-05-14T18:11:20.254000Z,2025-05-15T02:00:26.332000Z,2025-05-15T03:38:52.103564Z,1181.0,NOCODE,1211,CONSENT_REVOKED,CONSENT_REVOKED,CONSENT_REVOKED,CONSENT_REVOKED,CONSENT_REVOKED,CONSENT_REVOKED,CONSENT_REVOKED,CONSENT_REVOKED,CONSENT_REVOKED
6824d82be9888777855d3092,5ca3bd506c848000011d0afa,RETURNED,Not Applicable,2025-05-14T17:51:46.504000Z,,,2025-05-15T03:38:52.108789Z,,,1853,CONSENT_REVOKED,CONSENT_REVOKED,CONSENT_REVOKED,CONSENT_REVOKED,CONSENT_REVOKED,CONSENT_REVOKED,CONSENT_REVOKED,CONSENT_REVOKED,CONSENT_REVOKED
6824d85a87eca3285aea2956,668180f26a3b162091510589,RETURNED,Not Applicable,2025-05-14T18:02:26.604000Z,,,2025-05-15T03:38:52.104699Z,,,913,CONSENT_REVOKED,CONSENT_REVOKED,CONSENT_REVOKED,CONSENT_REVOKED,CONSENT_REVOKED,CONSENT_REVOKED,CONSENT_REVOKED,CONSENT_REVOKED,CONSENT_REVOKED
6824d863ff7d4751a94283d9,632222532c12ab0ab7ca00bd,RETURNED,Not Applicable,2025-05-14T17:52:39.034000Z,,,2025-05-15T03:38:52.113150Z,,,1895,CONSENT_REVOKED,CONSENT_REVOKED,CONSENT_REVOKED,CONSENT_REVOKED,CONSENT_REVOKED,CONSENT_REVOKED,CONSENT_REVOKED,CONSENT_REVOKED,CONSENT_REVOKED
6824d86e4dc9939686863c80,66847b99ad6facc374fd5716,RETURNED,Not Applicable,2025-05-14T17:52:52.288000Z,,,2025-05-15T03:38:52.101579Z,,,837,CONSENT_REVOKED,CONSENT_REVOKED,CONSENT_REVOKED,CONSENT_REVOKED,CONSENT_REVOKED,CONSENT_REVOKED,CONSENT_REVOKED,CONSENT_REVOKED,CONSENT_REVOKED
6824d8b028190b48a17441e8,67ad7a2c6560dc8b95106394,RETURNED,Not Applicable,2025-05-14T17:54:12.695000Z,,,2025-05-15T03:38:52.127235Z,,,839,CONSENT_REVOKED,CONSENT_REVOKED,CONSENT_REVOKED,CONSENT_REVOKED,CONSENT_REVOKED,CONSENT_REVOKED,CONSENT_REVOKED,CONSENT_REVOKED,CONSENT_REVOKED
6824d921547724a955814427,66eb6b99ca9928bbdad12446,APPROVED,Not Applicable,2025-05-14T17:56:34.256000Z,2025-05-14T19:11:04.431000Z,2025-05-15T03:03:57.554000Z,2025-05-14T19:11:05.101171Z,4471.0,C41MHPUZ,1012,62,Female,White,United States,United States,United States,English,DATA_EXPIRED,DATA_EXPIRED
6824d93f8de25525514b72ee,63469effac5117e39352c13b,APPROVED,Not Applicable,2025-05-14T17:56:27.614000Z,2025-05-14T18:23:57.542000Z,2025-05-15T01:11:46.002000Z,2025-05-14T18:23:58.088346Z,1650.0,C41MHPUZ,2686,45,Male,White,Ireland,United Kingdom,Ireland,English,No,Full-Time
6824d94bf88b7e6637b690b9,67dbe2c38614c922a6a8dbe5,APPROVED,Not Applicable,2025-05-14T17:57:41.025000Z,2025-05-14T18:22:33.299000Z,2025-05-15T01:05:48.950000Z,2025-05-14T18:22:33.883846Z,1493.0,C41MHPUZ,292,51,Female,White,United Kingdom,United Kingdom,United Kingdom,English,No,Full-Time
6824ddba3548b33da36d7db3,5ff454f2f0b5ed607169fba6,RETURNED,Not Applicable,2025-05-14T18:15:29.822000Z,,,2025-05-15T03:38:52.118855Z,,,156,CONSENT_REVOKED,CONSENT_REVOKED,CONSENT_REVOKED,CONSENT_REVOKED,CONSENT_REVOKED,CONSENT_REVOKED,CONSENT_REVOKED,CONSENT_REVOKED,CONSENT_REVOKED
6824e18fbd20f2cdf45cee4f,67871b7310fcb596ca70075d,APPROVED,Not Applicable,2025-05-14T18:33:08.115000Z,2025-05-14T19:21:47.443000Z,2025-05-15T01:14:40.401000Z,2025-05-14T19:21:47.990024Z,2920.0,C41MHPUZ,416,50,Male,White,United States,United States,United States,English,DATA_EXPIRED,DATA_EXPIRED
6824e1901af10324926b914e,663aef0aebe90e5eae33712b,RETURNED,Not Applicable,2025-05-14T18:33:42.734000Z,,,2025-05-15T03:38:52.103459Z,,,724,CONSENT_REVOKED,CONSENT_REVOKED,CONSENT_REVOKED,CONSENT_REVOKED,CONSENT_REVOKED,CONSENT_REVOKED,CONSENT_REVOKED,CONSENT_REVOKED,CONSENT_REVOKED
6824e190981e5dd2fb5d4b52,5b6b2c3156558d0001678ffc,RETURNED,Not Applicable,2025-05-14T18:31:51.344000Z,,,2025-05-15T03:38:52.103605Z,,,975,CONSENT_REVOKED,CONSENT_REVOKED,CONSENT_REVOKED,CONSENT_REVOKED,CONSENT_REVOKED,CONSENT_REVOKED,CONSENT_REVOKED,CONSENT_REVOKED,CONSENT_REVOKED
6824e1919d4134bf2cfbb798,67c0dafd6e94e9833dbe9524,APPROVED,Not Applicable,2025-05-14T18:33:49.044000Z,2025-05-14T18:56:43.452000Z,2025-05-15T01:14:14.039000Z,2025-05-14T18:56:43.979906Z,1375.0,C41MHPUZ,118,60,Female,White,Canada,Canada,Canada,English,No,"Not in paid work (e.g. homemaker', 'retired or disabled)"
6824e1924cc5e87781a048b3,67d184729aa937ccec298d54,APPROVED,Not Applicable,2025-05-14T18:31:52.956000Z,2025-05-14T19:11:14.517000Z,2025-05-15T01:14:34.353000Z,2025-05-14T19:11:15.057536Z,2362.0,C41MHPUZ,318,23,Female,Black,United States,United States,United States,English,Yes,Part-Time
6824e192dd0eec4c25beb980,66f6e0886126b45a7c9dc902,RETURNED,Not Applicable,2025-05-14T18:41:46.743000Z,,,2025-05-15T03:38:52.111338Z,,,190,CONSENT_REVOKED,CONSENT_REVOKED,CONSENT_REVOKED,CONSENT_REVOKED,CONSENT_REVOKED,CONSENT_REVOKED,CONSENT_REVOKED,CONSENT_REVOKED,CONSENT_REVOKED
6824e1b773a22045a141d5d2,68195c599dbba28865b3bd56,AWAITING REVIEW,Not Applicable,2025-05-14T18:32:31.224000Z,2025-05-14T19:30:29.802000Z,,2025-05-14T19:30:30.388325Z,3479.0,C41MHPUZ,74,24,Female,White,Mexico,United States,United States,English,No,Part-Time
6824e1dcfc5126997b257e7e,6727ea3905ae5d0d2cb5180c,RETURNED,Not Applicable,2025-05-14T18:33:05.274000Z,,,2025-05-15T03:38:52.113172Z,,,879,CONSENT_REVOKED,CONSENT_REVOKED,CONSENT_REVOKED,CONSENT_REVOKED,CONSENT_REVOKED,CONSENT_REVOKED,CONSENT_REVOKED,CONSENT_REVOKED,CONSENT_REVOKED
6824e2b728190b48a174470b,67b816f474ae7757b2ae4f4f,APPROVED,Not Applicable,2025-05-14T18:37:50.853000Z,2025-05-14T19:06:24.533000Z,2025-05-15T01:09:42.935000Z,2025-05-14T19:06:33.180727Z,1714.0,C41MHPUZ,716,40,Female,White,United States,United States,United States,English,No,Full-Time
6824e3feee85a4c2051df7ce,66735fc590d2b006289002b6,APPROVED,Not Applicable,2025-05-14T18:51:04.925000Z,2025-05-14T19:48:59.766000Z,2025-05-15T01:14:48.138000Z,2025-05-14T19:49:00.306482Z,3475.0,C41MHPUZ,580,39,Male,Asian,Australia,Australia,Australia,English,No,"Not in paid work (e.g. homemaker', 'retired or disabled)"
6824e66f53451074b8652480,6810e66d3f6d622de733cb42,APPROVED,Not Applicable,2025-05-14T18:53:10.476000Z,2025-05-14T20:08:37.762000Z,2025-05-15T01:14:53.770000Z,2025-05-14T20:08:38.780773Z,4528.0,C41MHPUZ,102,64,Male,Mixed,United States,United States,United States,English,No,Part-Time
6824eb76a5d5f5e2ccb9ac2c,667c2175b570aa694ce2f63c,RETURNED,Not Applicable,2025-05-14T19:23:58.976000Z,,,2025-05-15T03:38:52.121331Z,,,684,CONSENT_REVOKED,CONSENT_REVOKED,CONSENT_REVOKED,CONSENT_REVOKED,CONSENT_REVOKED,CONSENT_REVOKED,CONSENT_REVOKED,CONSENT_REVOKED,CONSENT_REVOKED
6824eb7ee6e84675a43f5654,6701cb8b00cfda7577107e29,REJECTED,Not Applicable,2025-05-14T19:14:13.263000Z,2025-05-14T19:20:27.938000Z,2025-05-15T02:00:49.535000Z,2025-05-15T03:38:52.112924Z,375.0,NOCODE,72,CONSENT_REVOKED,CONSENT_REVOKED,CONSENT_REVOKED,CONSENT_REVOKED,CONSENT_REVOKED,CONSENT_REVOKED,CONSENT_REVOKED,CONSENT_REVOKED,CONSENT_REVOKED
6824fb27023514c2e516be82,5ff454f2f0b5ed607169fba6,RETURNED,Not Applicable,2025-05-14T20:30:55.970000Z,,,2025-05-15T03:38:52.128885Z,,,156,CONSENT_REVOKED,CONSENT_REVOKED,CONSENT_REVOKED,CONSENT_REVOKED,CONSENT_REVOKED,CONSENT_REVOKED,CONSENT_REVOKED,CONSENT_REVOKED,CONSENT_REVOKED
6824fb270ce3120d9b15f81a,6692dd53ec527d60a87c1c82,REJECTED,Not Applicable,2025-05-14T20:21:03.649000Z,2025-05-14T20:22:51.788000Z,2025-05-15T03:11:21.171000Z,2025-05-15T03:38:52.118921Z,109.0,C41MHPUZ,677,CONSENT_REVOKED,CONSENT_REVOKED,CONSENT_REVOKED,CONSENT_REVOKED,CONSENT_REVOKED,CONSENT_REVOKED,CONSENT_REVOKED,CONSENT_REVOKED,CONSENT_REVOKED
6824fb2772718c61b83fae09,66095f32c9a782ed6acaf8fb,RETURNED,Not Applicable,2025-05-14T20:21:06.315000Z,,,2025-05-15T03:38:52.131852Z,,,999,CONSENT_REVOKED,CONSENT_REVOKED,CONSENT_REVOKED,CONSENT_REVOKED,CONSENT_REVOKED,CONSENT_REVOKED,CONSENT_REVOKED,CONSENT_REVOKED,CONSENT_REVOKED
6824fb28872ec4976892395f,669e8c12c7432537396116ad,RETURNED,Not Applicable,2025-05-14T20:20:59.605000Z,,,2025-05-15T03:38:52.132215Z,,,331,CONSENT_REVOKED,CONSENT_REVOKED,CONSENT_REVOKED,CONSENT_REVOKED,CONSENT_REVOKED,CONSENT_REVOKED,CONSENT_REVOKED,CONSENT_REVOKED,CONSENT_REVOKED
6824fb28d9ffc1594b49ee6e,67439be8ee2236a7c078d523,RETURNED,Not Applicable,2025-05-14T20:21:01.315000Z,,,2025-05-15T03:38:52.124754Z,,,1214,CONSENT_REVOKED,CONSENT_REVOKED,CONSENT_REVOKED,CONSENT_REVOKED,CONSENT_REVOKED,CONSENT_REVOKED,CONSENT_REVOKED,CONSENT_REVOKED,CONSENT_REVOKED
6824fb3d7e6449e1a335540b,673a2e12fc7b7863f7d57771,APPROVED,Not Applicable,2025-05-14T20:21:24.759000Z,2025-05-14T20:40:27.526000Z,2025-05-15T01:15:09.605000Z,2025-05-14T20:40:28.156784Z,1143.0,C41MHPUZ,347,33,Male,White,Brazil,United Kingdom,Italy,Portuguese,No,Full-Time
6824fb4d00dd4013cd5bbd8a,671d553e0d035028da7d29a1,APPROVED,Not Applicable,2025-05-14T20:21:39.016000Z,2025-05-14T20:52:01.201000Z,2025-05-15T01:15:14.731000Z,2025-05-14T20:52:01.806036Z,1823.0,C41MHPUZ,739,34,Female,Mixed,United States,United States,United States,English,Yes,Full-Time
6824fb54fa6718ab6b1ec33a,67e70a61f963fecfc78db7ab,APPROVED,Not Applicable,2025-05-14T20:22:11.339000Z,2025-05-14T21:20:35.399000Z,2025-05-15T01:15:19.622000Z,2025-05-14T21:20:35.938436Z,3505.0,C41MHPUZ,745,54,Male,Asian,China,United States,United States,English,No,"Not in paid work (e.g. homemaker', 'retired or disabled)"
6824fd7b3690d4009ef06956,67eaf7ac600979b62eedb17c,RETURNED,Not Applicable,2025-05-14T20:33:29.631000Z,,,2025-05-15T03:38:52.141886Z,,,37,CONSENT_REVOKED,CONSENT_REVOKED,CONSENT_REVOKED,CONSENT_REVOKED,CONSENT_REVOKED,CONSENT_REVOKED,CONSENT_REVOKED,CONSENT_REVOKED,CONSENT_REVOKED
6824ffcefa6718ab6b1ec3ac,675221767fb2620d5612418d,RETURNED,Not Applicable,2025-05-14T20:40:52.182000Z,,,2025-05-15T03:38:52.125914Z,,,725,CONSENT_REVOKED,CONSENT_REVOKED,CONSENT_REVOKED,CONSENT_REVOKED,CONSENT_REVOKED,CONSENT_REVOKED,CONSENT_REVOKED,CONSENT_REVOKED,CONSENT_REVOKED
6825045b52aadfb90fc4201d,67c0dafd6e94e9833dbe9524,APPROVED,Not Applicable,2025-05-14T21:03:05.727000Z,2025-05-14T21:24:36.309000Z,2025-05-15T01:47:20.191000Z,2025-05-14T21:24:37.015948Z,1291.0,NOCODE,120,60,Female,White,Canada,Canada,Canada,English,No,"Not in paid work (e.g. homemaker', 'retired or disabled)"
68250efb81f3b40060d14025,670fd04ebdeb4aba9822fd3c,RETURNED,Not Applicable,2025-05-14T21:45:35.362000Z,,,2025-05-15T03:38:52.132905Z,,,693,CONSENT_REVOKED,CONSENT_REVOKED,CONSENT_REVOKED,CONSENT_REVOKED,CONSENT_REVOKED,CONSENT_REVOKED,CONSENT_REVOKED,CONSENT_REVOKED,CONSENT_REVOKED
68250efc6f9f4f924d6f3f1f,67d24179c5bd87691f1fe036,APPROVED,Not Applicable,2025-05-14T21:46:48.637000Z,2025-05-14T22:27:42.590000Z,2025-05-15T01:15:45.155000Z,2025-05-14T22:27:43.126000Z,2454.0,C41MHPUZ,316,29,Male,Asian,Pakistan,United States,United States,Urdu,No,Full-Time
68250efcae8a2ba39c618f67,671bdd06525adeea062a1d73,APPROVED,Not Applicable,2025-05-14T21:45:34.883000Z,2025-05-14T22:04:50.329000Z,2025-05-15T01:15:27.071000Z,2025-05-14T22:04:50.875555Z,1156.0,C41MHPUZ,1332,28,Male,Asian,United States,United States,India,English,DATA_EXPIRED,DATA_EXPIRED
68250efd0f51c8ba88d285cd,669053bbebafdd430e770142,RETURNED,Not Applicable,2025-05-14T21:56:00.054000Z,,,2025-05-15T03:38:52.130398Z,,,847,CONSENT_REVOKED,CONSENT_REVOKED,CONSENT_REVOKED,CONSENT_REVOKED,CONSENT_REVOKED,CONSENT_REVOKED,CONSENT_REVOKED,CONSENT_REVOKED,CONSENT_REVOKED
68250efd5600668dd516836c,67f15a6eb321af2595c63b9b,APPROVED,Not Applicable,2025-05-14T21:45:48.946000Z,2025-05-14T22:21:52.983000Z,2025-05-15T01:15:40.153000Z,2025-05-14T22:21:53.487001Z,2165.0,C41MHPUZ,239,56,Male,White,Italy,United States,United States,Italian,No,Full-Time
68250efdff1f545ebe59b58a,65fb580ab7fbb2d518ee8eaa,RETURNED,Not Applicable,2025-05-14T21:45:56.004000Z,,,2025-05-15T03:38:52.131892Z,,,2539,CONSENT_REVOKED,CONSENT_REVOKED,CONSENT_REVOKED,CONSENT_REVOKED,CONSENT_REVOKED,CONSENT_REVOKED,CONSENT_REVOKED,CONSENT_REVOKED,CONSENT_REVOKED
68250f1b55e3732a04390885,678c21297d5530210477d1ec,RETURNED,Not Applicable,2025-05-14T21:56:03.375000Z,,,2025-05-15T03:38:52.140292Z,,,367,CONSENT_REVOKED,CONSENT_REVOKED,CONSENT_REVOKED,CONSENT_REVOKED,CONSENT_REVOKED,CONSENT_REVOKED,CONSENT_REVOKED,CONSENT_REVOKED,CONSENT_REVOKED
68250f4b0b44686abf07f81c,600f9342e7bc5518fa9ca92a,RETURNED,Not Applicable,2025-05-14T21:46:54.254000Z,,,2025-05-15T03:38:52.150205Z,,,4315,CONSENT_REVOKED,CONSENT_REVOKED,CONSENT_REVOKED,CONSENT_REVOKED,CONSENT_REVOKED,CONSENT_REVOKED,CONSENT_REVOKED,CONSENT_REVOKED,CONSENT_REVOKED
68250f4b0da53e288f6cd239,668e88ea6a476e76e0c1993b,APPROVED,Not Applicable,2025-05-14T21:47:20.102000Z,2025-05-14T22:14:19.854000Z,2025-05-15T01:15:32.534000Z,2025-05-14T22:14:20.447996Z,1620.0,C41MHPUZ,694,41,Male,Black,United States,United States,United States,English,DATA_EXPIRED,Full-Time
68251026b2188c2a856b4bfe,67486ef5b88595ed8d20fe7c,RETURNED,Not Applicable,2025-05-14T21:58:26.532000Z,,,2025-05-15T03:38:52.155851Z,,,693,CONSENT_REVOKED,CONSENT_REVOKED,CONSENT_REVOKED,CONSENT_REVOKED,CONSENT_REVOKED,CONSENT_REVOKED,CONSENT_REVOKED,CONSENT_REVOKED,CONSENT_REVOKED
68251175374a3f9b375c5108,67ad260c6e1b27ca47ae533e,RETURNED,Not Applicable,2025-05-14T21:56:14.272000Z,,,2025-05-15T03:38:52.141508Z,,,83,CONSENT_REVOKED,CONSENT_REVOKED,CONSENT_REVOKED,CONSENT_REVOKED,CONSENT_REVOKED,CONSENT_REVOKED,CONSENT_REVOKED,CONSENT_REVOKED,CONSENT_REVOKED
682515fbcdeacf4bb3e76500,66083cd0a45e1ce399e6a85f,RETURNED,Not Applicable,2025-05-14T22:15:29.086000Z,,,2025-05-15T03:38:52.152266Z,,,2357,CONSENT_REVOKED,CONSENT_REVOKED,CONSENT_REVOKED,CONSENT_REVOKED,CONSENT_REVOKED,CONSENT_REVOKED,CONSENT_REVOKED,CONSENT_REVOKED,CONSENT_REVOKED
682518df3b735e1837253513,6413bde82572af834c41ba64,APPROVED,Not Applicable,2025-05-14T22:27:48.434000Z,2025-05-14T22:53:01.970000Z,2025-05-15T01:15:51.403000Z,2025-05-14T22:53:02.507914Z,1514.0,C41MHPUZ,141,23,Male,White,Australia,United Kingdom,Australia,English,No,Full-Time
68251b4245144c1c67beda54,668180f26a3b162091510589,RETURNED,Not Applicable,2025-05-14T22:47:54.907000Z,,,2025-05-15T03:38:52.163467Z,,,913,CONSENT_REVOKED,CONSENT_REVOKED,CONSENT_REVOKED,CONSENT_REVOKED,CONSENT_REVOKED,CONSENT_REVOKED,CONSENT_REVOKED,CONSENT_REVOKED,CONSENT_REVOKED
68251bb2133112cec8ac179c,668180f26a3b162091510589,RETURNED,Not Applicable,2025-05-14T22:49:46.798000Z,,,2025-05-15T03:38:52.146949Z,,,913,CONSENT_REVOKED,CONSENT_REVOKED,CONSENT_REVOKED,CONSENT_REVOKED,CONSENT_REVOKED,CONSENT_REVOKED,CONSENT_REVOKED,CONSENT_REVOKED,CONSENT_REVOKED
68251bbaa782751bc1f257bb,65603f388b128e01321fdee9,RETURNED,Not Applicable,2025-05-14T22:40:00.983000Z,,,2025-05-15T03:38:52.155779Z,,,1879,CONSENT_REVOKED,CONSENT_REVOKED,CONSENT_REVOKED,CONSENT_REVOKED,CONSENT_REVOKED,CONSENT_REVOKED,CONSENT_REVOKED,CONSENT_REVOKED,CONSENT_REVOKED
68251c653c71263e7d17475e,611943dcb8b11a7b6cf6b596,RETURNED,Not Applicable,2025-05-14T22:43:00.784000Z,,,2025-05-15T03:38:52.150660Z,,,2167,CONSENT_REVOKED,CONSENT_REVOKED,CONSENT_REVOKED,CONSENT_REVOKED,CONSENT_REVOKED,CONSENT_REVOKED,CONSENT_REVOKED,CONSENT_REVOKED,CONSENT_REVOKED
68251d461acf0a732727cd68,64045393fa09ada78f0b5301,RETURNED,Not Applicable,2025-05-14T22:47:01.003000Z,,,2025-05-15T03:38:52.149509Z,,,3961,CONSENT_REVOKED,CONSENT_REVOKED,CONSENT_REVOKED,CONSENT_REVOKED,CONSENT_REVOKED,CONSENT_REVOKED,CONSENT_REVOKED,CONSENT_REVOKED,CONSENT_REVOKED
682528b2eb2c4dadd2b0ef89,670fd04ebdeb4aba9822fd3c,RETURNED,Not Applicable,2025-05-14T23:35:18.541000Z,,,2025-05-15T03:38:52.182439Z,,,693,CONSENT_REVOKED,CONSENT_REVOKED,CONSENT_REVOKED,CONSENT_REVOKED,CONSENT_REVOKED,CONSENT_REVOKED,CONSENT_REVOKED,CONSENT_REVOKED,CONSENT_REVOKED
682528f189464d252d38cf7c,67bf7651fc38f945d1ef2912,APPROVED,Not Applicable,2025-05-14T23:36:29.958000Z,2025-05-15T00:03:17.631000Z,2025-05-15T05:01:44.544000Z,2025-05-15T00:03:18.367717Z,1608.0,C41MHPUZ,102,19,Female,White,Canada,Canada,Canada,English,No,Unemployed (and job seeking)
68254b287e5264e55ef52942,646bd812bf93129feeb5a3dc,RETURNED,Not Applicable,2025-05-15T02:02:24.163000Z,,,2025-05-15T03:38:52.163025Z,,,2259,CONSENT_REVOKED,CONSENT_REVOKED,CONSENT_REVOKED,CONSENT_REVOKED,CONSENT_REVOKED,CONSENT_REVOKED,CONSENT_REVOKED,CONSENT_REVOKED,CONSENT_REVOKED
68254b28eaf6485d344ee06a,67e468215085eee5f9feb224,APPROVED,Not Applicable,2025-05-15T02:02:42.370000Z,2025-05-15T02:41:06.899000Z,2025-05-15T05:02:31.025000Z,2025-05-15T02:41:07.358101Z,2305.0,C41MHPUZ,327,21,Male,Black,United States,United States,United States,English,No,DATA_EXPIRED
68254b29818712c300bedd48,6659e827e445df6ae5f4103c,APPROVED,Not Applicable,2025-05-15T02:02:25.980000Z,2025-05-15T02:36:16.075000Z,2025-05-15T05:02:22.266000Z,2025-05-15T02:36:16.588378Z,2031.0,C41MHPUZ,732,25,Female,White,United States,United States,United States,English,No,Full-Time
68254b29955695918ef2552c,671ab0904de8eb7273ae9d42,RETURNED,Not Applicable,2025-05-15T02:02:33.494000Z,,,2025-05-15T03:38:52.163509Z,,,1640,CONSENT_REVOKED,CONSENT_REVOKED,CONSENT_REVOKED,CONSENT_REVOKED,CONSENT_REVOKED,CONSENT_REVOKED,CONSENT_REVOKED,CONSENT_REVOKED,CONSENT_REVOKED
68254b2a3290b1b0ffac30ca,5e03f8517f08edece67a3137,APPROVED,Not Applicable,2025-05-15T02:02:22.540000Z,2025-05-15T03:17:36.240000Z,2025-05-15T05:03:11.629000Z,2025-05-15T03:17:36.734436Z,4514.0,C41MHPUZ,3120,36,Male,DATA_EXPIRED,United States,United States,United States,English,DATA_EXPIRED,DATA_EXPIRED
68254b2ac5d0978d90801a66,66af819442fc10bb088169f4,RETURNED,Not Applicable,2025-05-15T02:06:02.420000Z,,,2025-05-15T03:38:52.188274Z,,,724,CONSENT_REVOKED,CONSENT_REVOKED,CONSENT_REVOKED,CONSENT_REVOKED,CONSENT_REVOKED,CONSENT_REVOKED,CONSENT_REVOKED,CONSENT_REVOKED,CONSENT_REVOKED
68254b2b83da801053c72219,67ec3893974a2338a592e184,RETURNED,Not Applicable,2025-05-15T02:12:19.912000Z,,,2025-05-15T03:38:52.190455Z,,,258,CONSENT_REVOKED,CONSENT_REVOKED,CONSENT_REVOKED,CONSENT_REVOKED,CONSENT_REVOKED,CONSENT_REVOKED,CONSENT_REVOKED,CONSENT_REVOKED,CONSENT_REVOKED
68254b2d62d2587007b207a8,674fc9520d64ca724b0d8889,RETURNED,Not Applicable,2025-05-15T02:02:53.763000Z,,,2025-05-15T03:38:52.189309Z,,,495,CONSENT_REVOKED,CONSENT_REVOKED,CONSENT_REVOKED,CONSENT_REVOKED,CONSENT_REVOKED,CONSENT_REVOKED,CONSENT_REVOKED,CONSENT_REVOKED,CONSENT_REVOKED
68254b2dff7d4751a9429322,65c6bbe7f9428763522fa244,RETURNED,Not Applicable,2025-05-15T02:12:21.674000Z,,,2025-05-15T03:38:52.162271Z,,,847,CONSENT_REVOKED,CONSENT_REVOKED,CONSENT_REVOKED,CONSENT_REVOKED,CONSENT_REVOKED,CONSENT_REVOKED,CONSENT_REVOKED,CONSENT_REVOKED,CONSENT_REVOKED
68254b4c082376d2365dd2df,67faf61829e07433820ec62d,RETURNED,Not Applicable,2025-05-15T02:03:05.875000Z,,,2025-05-15T03:38:52.163390Z,,,222,CONSENT_REVOKED,CONSENT_REVOKED,CONSENT_REVOKED,CONSENT_REVOKED,CONSENT_REVOKED,CONSENT_REVOKED,CONSENT_REVOKED,CONSENT_REVOKED,CONSENT_REVOKED
68254b4dc32c1da769757229,67aca7b3335c8f2bb67624c3,RETURNED,Not Applicable,2025-05-15T02:03:03.278000Z,,,2025-05-15T03:38:52.192814Z,,,436,CONSENT_REVOKED,CONSENT_REVOKED,CONSENT_REVOKED,CONSENT_REVOKED,CONSENT_REVOKED,CONSENT_REVOKED,CONSENT_REVOKED,CONSENT_REVOKED,CONSENT_REVOKED
68254b50c01e095134757320,662a94bd827a5f8f446898e9,RETURNED,Not Applicable,2025-05-15T02:03:14.016000Z,,,2025-05-15T03:38:52.211114Z,,,1093,CONSENT_REVOKED,CONSENT_REVOKED,CONSENT_REVOKED,CONSENT_REVOKED,CONSENT_REVOKED,CONSENT_REVOKED,CONSENT_REVOKED,CONSENT_REVOKED,CONSENT_REVOKED
68254b74d326e26bba5d3e8d,6444b1e677ebe8b4e2c23abd,RETURNED,Not Applicable,2025-05-15T02:03:39.548000Z,,,2025-05-15T03:38:52.201048Z,,,6501,CONSENT_REVOKED,CONSENT_REVOKED,CONSENT_REVOKED,CONSENT_REVOKED,CONSENT_REVOKED,CONSENT_REVOKED,CONSENT_REVOKED,CONSENT_REVOKED,CONSENT_REVOKED
68254b945e3f4fbb2f04a2e0,67b924526b2046ea15c20367,RETURNED,Not Applicable,2025-05-15T02:04:17.913000Z,,,2025-05-15T03:38:52.183875Z,,,300,CONSENT_REVOKED,CONSENT_REVOKED,CONSENT_REVOKED,CONSENT_REVOKED,CONSENT_REVOKED,CONSENT_REVOKED,CONSENT_REVOKED,CONSENT_REVOKED,CONSENT_REVOKED
68254bf6750f9d1d8db65129,67a8bfb2f846cd3ea9bcd898,RETURNED,Not Applicable,2025-05-15T02:06:00.361000Z,,,2025-05-15T03:38:52.198628Z,,,915,CONSENT_REVOKED,CONSENT_REVOKED,CONSENT_REVOKED,CONSENT_REVOKED,CONSENT_REVOKED,CONSENT_REVOKED,CONSENT_REVOKED,CONSENT_REVOKED,CONSENT_REVOKED
68254c2021766fc9f91ea8fb,67bf7651fc38f945d1ef2912,APPROVED,Not Applicable,2025-05-15T02:06:30.159000Z,2025-05-15T02:34:58.755000Z,2025-05-15T05:01:52.377000Z,2025-05-15T02:34:59.228230Z,1709.0,C41MHPUZ,102,19,Female,White,Canada,Canada,Canada,English,No,Unemployed (and job seeking)
68254c7183da801053c7222b,5ddf074601fadfe804d466a2,RETURNED,Not Applicable,2025-05-15T02:11:27.573000Z,,,2025-05-15T03:38:52.182721Z,,,1136,CONSENT_REVOKED,CONSENT_REVOKED,CONSENT_REVOKED,CONSENT_REVOKED,CONSENT_REVOKED,CONSENT_REVOKED,CONSENT_REVOKED,CONSENT_REVOKED,CONSENT_REVOKED
68254ca69d934a7aff477fb3,652d3d3c8e375878e83f43f3,RETURNED,Not Applicable,2025-05-15T02:08:49.446000Z,,,2025-05-15T03:38:52.194878Z,,,648,CONSENT_REVOKED,CONSENT_REVOKED,CONSENT_REVOKED,CONSENT_REVOKED,CONSENT_REVOKED,CONSENT_REVOKED,CONSENT_REVOKED,CONSENT_REVOKED,CONSENT_REVOKED
68254d6f52aadfb90fc42a49,67534cd4cc3034d2d6956163,RETURNED,Not Applicable,2025-05-15T02:12:26.176000Z,,,2025-05-15T03:38:52.204400Z,,,641,CONSENT_REVOKED,CONSENT_REVOKED,CONSENT_REVOKED,CONSENT_REVOKED,CONSENT_REVOKED,CONSENT_REVOKED,CONSENT_REVOKED,CONSENT_REVOKED,CONSENT_REVOKED
68254dd7dd8a55f1fae2fff2,66abd267fef54ebd672c4d7a,AWAITING REVIEW,Not Applicable,2025-05-15T02:14:59.336000Z,2025-05-15T03:27:49.368000Z,,2025-05-15T03:27:49.834239Z,4371.0,NOCODE,467,64,Female,White,United States,United States,United States,English,DATA_EXPIRED,DATA_EXPIRED
68254e911969f7f38b270f86,66735fc590d2b006289002b6,APPROVED,Not Applicable,2025-05-15T02:26:13.263000Z,2025-05-15T03:00:34.059000Z,2025-05-15T05:02:41.885000Z,2025-05-15T03:00:34.682537Z,2061.0,C41MHPUZ,582,39,Male,Asian,Australia,Australia,Australia,English,No,"Not in paid work (e.g. homemaker', 'retired or disabled)"
682550c6555c6c7ea5d641cb,67f2e7e796881a7894a2390e,APPROVED,Not Applicable,2025-05-15T02:26:21.108000Z,2025-05-15T03:10:45.527000Z,2025-05-15T05:03:03.879000Z,2025-05-15T03:10:46.020451Z,2665.0,C41MHPUZ,69,19,Male,White,United States,United States,United States,English,DATA_EXPIRED,DATA_EXPIRED
68255597dab7e380c46fa20c,5b735ad2390e740001670d28,RETURNED,Not Applicable,2025-05-15T02:47:03.718000Z,,,2025-05-15T03:38:52.213500Z,,,406,CONSENT_REVOKED,CONSENT_REVOKED,CONSENT_REVOKED,CONSENT_REVOKED,CONSENT_REVOKED,CONSENT_REVOKED,CONSENT_REVOKED,CONSENT_REVOKED,CONSENT_REVOKED
682555c45a74857deedc4ea6,6483f9ebf7986bdbdbc0598c,RETURNED,Not Applicable,2025-05-15T02:47:58.473000Z,,,2025-05-15T03:38:52.207910Z,,,7042,CONSENT_REVOKED,CONSENT_REVOKED,CONSENT_REVOKED,CONSENT_REVOKED,CONSENT_REVOKED,CONSENT_REVOKED,CONSENT_REVOKED,CONSENT_REVOKED,CONSENT_REVOKED
6825561ca6746ba52ea04fd6,67bf7651fc38f945d1ef2912,APPROVED,Not Applicable,2025-05-15T02:49:19.827000Z,2025-05-15T03:06:27.002000Z,2025-05-15T05:01:56.728000Z,2025-05-15T03:06:27.538520Z,1028.0,C41MHPUZ,102,19,Female,White,Canada,Canada,Canada,English,No,Unemployed (and job seeking)
68255716a35b56432f6362e5,66eb6b99ca9928bbdad12446,AWAITING REVIEW,Not Applicable,2025-05-15T02:54:48.903000Z,2025-05-15T03:59:40.204000Z,,2025-05-15T03:59:40.777784Z,3892.0,C41MHPUZ,1017,62,Female,White,United States,United States,United States,English,DATA_EXPIRED,DATA_EXPIRED
68255a737e6c926d98e2e444,6712fe1173dfa2bfa2d6294b,APPROVED,Not Applicable,2025-05-15T03:07:37.753000Z,2025-05-15T03:38:55.491000Z,2025-05-15T05:04:26.143000Z,2025-05-15T03:38:56.054748Z,1878.0,C41MHPUZ,732,27,Male,White,United States,United States,United States,English,No,DATA_EXPIRED
68255b5f5a6ac1cf65280aea,6722d124b7fea7fe8b5320fd,APPROVED,Not Applicable,2025-05-15T03:12:38.654000Z,2025-05-15T04:25:46.694000Z,2025-05-15T05:04:35.716000Z,2025-05-15T04:25:47.357730Z,4389.0,C41MHPUZ,164,24,Female,Asian,China,Canada,Canada,Chinese,No,Full-Time
68254d3c8de25525514b7ef9,67871b7310fcb596ca70075d,RETURNED,Not Applicable,2025-05-15T02:11:26.405000Z,2025-05-15T02:59:47.594000Z,,2025-05-15T02:59:48.066000Z,,C41MHPUZ,426,CONSENT_REVOKED,CONSENT_REVOKED,CONSENT_REVOKED,CONSENT_REVOKED,CONSENT_REVOKED,CONSENT_REVOKED,CONSENT_REVOKED,CONSENT_REVOKED,CONSENT_REVOKED
